fixture,source_mode,base_samples,resolution,subdivision_factor,projection,projection_class,projection_direction,expected_crossing_count,expected_determinant,polygon_length,vertex_distortion_estimate,minimum_nonlocal_vertex_clearance,crossing_count,gauss_component_count,alternating_projection,canonical_gauss_signature,pd_code,fox_determinant,first_tait_tree_count,second_tait_tree_count,unsigned_tait_shortcut_applicable,unsigned_tait_shortcut_agrees,tait_construction_status,tait_error,simplification_status,simplification_changed,simplified_crossing_count,simplified_component_count,simplified_fox_determinant,simplification_error,topological_fixture_pass,minimum_crossing_angle_degrees,minimum_crossing_depth_separation,minimum_crossing_vertex_parameter_margin,normalized_minimum_depth_separation,crossing_count_matches_expected,determinant_matches_expected,backend_messages,extraction_status,error_message,runtime_seconds,reference_resolution,signature_matches_reference,crossing_count_matches_reference,determinant_matches_reference,projection_stability_pass
3_1_torus_T_2_3,exact_polygon_subdivision,24,24,1,z_axis,axis_aligned_reference,"[0.0, 0.0, 1.0]",3,3,31.111473316611864,7.777868329152967,1.6618927959282308,3,1,True,1:+1:-1|2:-1:-1|3:+1:-1|1:-1:-1|2:+1:-1|3:-1:-1,"[[2, 5, 3, 6], [4, 1, 5, 2], [6, 3, 1, 4]]",3,3,3,True,True,passed,,passed,False,3,1,3,,True,67.98546386556724,1.9999999999999991,0.0,0.2542534682939368,True,True,,passed,,0.002374099989538081,48,True,True,True,True
3_1_torus_T_2_3,exact_polygon_subdivision,24,24,1,tilt_x_005,generic_tilt,"[0.05, 0.0, 1.0]",3,3,31.111473316611864,7.777868329152967,1.6618927959282308,3,1,True,1:+1:-1|2:-1:-1|3:+1:-1|1:-1:-1|2:+1:-1|3:-1:-1,"[[2, 5, 3, 6], [4, 1, 5, 2], [6, 3, 1, 4]]",3,3,3,True,True,passed,,passed,False,3,1,3,,True,68.89970696441878,1.9618668466768927,0.02636409588035704,0.24757605683798353,True,True,,passed,,0.001124400005210191,192,True,True,True,True
3_1_torus_T_2_3,exact_polygon_subdivision,24,24,1,tilt_y_neg007,generic_tilt,"[0.0, -0.07, 1.0]",3,3,31.111473316611864,7.777868329152967,1.6618927959282308,3,1,True,1:+1:-1|2:-1:-1|3:+1:-1|1:-1:-1|2:+1:-1|3:-1:-1,"[[2, 5, 3, 6], [4, 1, 5, 2], [6, 3, 1, 4]]",3,3,3,True,True,passed,,passed,False,3,1,3,,True,69.43572067494391,1.9432620403930316,0.09620547644776778,0.24743212825349156,True,True,,passed,,0.0010119999933522195,192,True,True,True,True
3_1_torus_T_2_3,exact_polygon_subdivision,24,24,1,oblique_008_neg006,generic_tilt,"[0.08, -0.06, 1.0]",3,3,31.111473316611864,7.777868329152967,1.6618927959282308,3,1,True,1:+1:-1|2:-1:-1|3:+1:-1|1:-1:-1|2:+1:-1|3:-1:-1,"[[2, 5, 3, 6], [4, 1, 5, 2], [6, 3, 1, 4]]",3,3,3,True,True,passed,,passed,False,3,1,3,,True,28.106285781643685,1.9443873065008697,0.0018878905043946403,0.24549372527249913,True,True,,passed,,0.0010365000052843243,192,True,True,True,True
3_1_torus_T_2_3,exact_polygon_subdivision,24,48,2,z_axis,axis_aligned_reference,"[0.0, 0.0, 1.0]",3,3,31.111473316611864,8.468597381502592,1.5271236954440026,3,1,True,1:+1:-1|2:-1:-1|3:+1:-1|1:-1:-1|2:+1:-1|3:-1:-1,"[[2, 5, 3, 6], [4, 1, 5, 2], [6, 3, 1, 4]]",3,3,3,True,True,passed,,passed,False,3,1,3,,True,67.98546386556727,1.9999999999999991,0.0,0.2542534682939368,True,True,,passed,,0.0016362000023946166,48,True,True,True,True
3_1_torus_T_2_3,exact_polygon_subdivision,24,48,2,tilt_x_005,generic_tilt,"[0.05, 0.0, 1.0]",3,3,31.111473316611864,8.468597381502592,1.5271236954440026,3,1,True,1:+1:-1|2:-1:-1|3:+1:-1|1:-1:-1|2:+1:-1|3:-1:-1,"[[2, 5, 3, 6], [4, 1, 5, 2], [6, 3, 1, 4]]",3,3,3,True,True,passed,,passed,False,3,1,3,,True,68.89970696441878,1.9618668466768932,0.05272819176071408,0.2475760568379836,True,True,,passed,,0.0017374999879393727,192,True,True,True,True
3_1_torus_T_2_3,exact_polygon_subdivision,24,48,2,tilt_y_neg007,generic_tilt,"[0.0, -0.07, 1.0]",3,3,31.111473316611864,8.468597381502592,1.5271236954440026,3,1,True,1:+1:-1|2:-1:-1|3:+1:-1|1:-1:-1|2:+1:-1|3:-1:-1,"[[2, 5, 3, 6], [4, 1, 5, 2], [6, 3, 1, 4]]",3,3,3,True,True,passed,,passed,False,3,1,3,,True,69.4357206749439,1.9432620403930319,0.19241095289553556,0.2474321282534916,True,True,,passed,,0.0015860999992582947,192,True,True,True,True
3_1_torus_T_2_3,exact_polygon_subdivision,24,48,2,oblique_008_neg006,generic_tilt,"[0.08, -0.06, 1.0]",3,3,31.111473316611864,8.468597381502592,1.5271236954440026,3,1,True,1:+1:-1|2:-1:-1|3:+1:-1|1:-1:-1|2:+1:-1|3:-1:-1,"[[2, 5, 3, 6], [4, 1, 5, 2], [6, 3, 1, 4]]",3,3,3,True,True,passed,,passed,False,3,1,3,,True,28.106285781643685,1.944387306500869,0.0037757810087892807,0.24549372527249905,True,True,,passed,,0.0016146999987540767,192,True,True,True,True
3_1_torus_T_2_3,exact_polygon_subdivision,24,96,4,z_axis,axis_aligned_reference,"[0.0, 0.0, 1.0]",3,3,31.111473316611864,8.475829426340482,1.4309720537438932,2,1,False,1:+1:-1|2:+1:-1|1:-1:-1|2:-1:-1,"[[3, 1, 4, 2], [4, 2, 1, 3]]",1,,,False,,not_applicable,,skipped_precheck_failure,,,,,,False,67.98546386556728,1.9999999999999991,0.0,0.2542534682939368,False,False,,passed,,0.0024671999999554828,48,False,False,False,False
3_1_torus_T_2_3,exact_polygon_subdivision,24,96,4,tilt_x_005,generic_tilt,"[0.05, 0.0, 1.0]",3,3,31.111473316611864,8.475829426340482,1.4309720537438932,3,1,True,1:+1:-1|2:-1:-1|3:+1:-1|1:-1:-1|2:+1:-1|3:-1:-1,"[[2, 5, 3, 6], [4, 1, 5, 2], [6, 3, 1, 4]]",3,3,3,True,True,passed,,passed,False,3,1,3,,True,68.89970696441881,1.9618668466768932,0.10545638352142817,0.2475760568379836,True,True,,passed,,0.0028716999950120226,192,True,True,True,True
3_1_torus_T_2_3,exact_polygon_subdivision,24,96,4,tilt_y_neg007,generic_tilt,"[0.0, -0.07, 1.0]",3,3,31.111473316611864,8.475829426340482,1.4309720537438932,3,1,True,1:+1:-1|2:-1:-1|3:+1:-1|1:-1:-1|2:+1:-1|3:-1:-1,"[[2, 5, 3, 6], [4, 1, 5, 2], [6, 3, 1, 4]]",3,3,3,True,True,passed,,passed,False,3,1,3,,True,69.43572067494391,1.9432620403930316,0.3848219057910711,0.24743212825349156,True,True,,passed,,0.002962600003229454,192,True,True,True,True
3_1_torus_T_2_3,exact_polygon_subdivision,24,96,4,oblique_008_neg006,generic_tilt,"[0.08, -0.06, 1.0]",3,3,31.111473316611864,8.475829426340482,1.4309720537438932,3,1,True,1:+1:-1|2:-1:-1|3:+1:-1|1:-1:-1|2:+1:-1|3:-1:-1,"[[2, 5, 3, 6], [4, 1, 5, 2], [6, 3, 1, 4]]",3,3,3,True,True,passed,,passed,False,3,1,3,,True,28.106285781643642,1.9443873065008697,0.007551562017578561,0.24549372527249913,True,True,,passed,,0.0034028999943984672,192,True,True,True,True
3_1_torus_T_2_3,exact_polygon_subdivision,24,192,8,z_axis,axis_aligned_reference,"[0.0, 0.0, 1.0]",3,3,31.111473316611864,8.512417816499136,1.4309720537438932,2,1,False,1:+1:-1|2:+1:-1|1:-1:-1|2:-1:-1,"[[3, 1, 4, 2], [4, 2, 1, 3]]",1,,,False,,not_applicable,,skipped_precheck_failure,,,,,,False,67.9854638655673,1.9999999999999991,0.0,0.2542534682939368,False,False,,passed,,0.004928399997879751,48,False,False,False,False
3_1_torus_T_2_3,exact_polygon_subdivision,24,192,8,tilt_x_005,generic_tilt,"[0.05, 0.0, 1.0]",3,3,31.111473316611864,8.512417816499136,1.4309720537438932,3,1,True,1:+1:-1|2:-1:-1|3:+1:-1|1:-1:-1|2:+1:-1|3:-1:-1,"[[2, 5, 3, 6], [4, 1, 5, 2], [6, 3, 1, 4]]",3,3,3,True,True,passed,,passed,False,3,1,3,,True,68.89970696441881,1.961866846676893,0.21091276704285633,0.24757605683798356,True,True,,passed,,0.005617400005576201,192,True,True,True,True
3_1_torus_T_2_3,exact_polygon_subdivision,24,192,8,tilt_y_neg007,generic_tilt,"[0.0, -0.07, 1.0]",3,3,31.111473316611864,8.512417816499136,1.4309720537438932,3,1,True,1:+1:-1|2:-1:-1|3:+1:-1|1:-1:-1|2:+1:-1|3:-1:-1,"[[2, 5, 3, 6], [4, 1, 5, 2], [6, 3, 1, 4]]",3,3,3,True,True,passed,,passed,False,3,1,3,,True,69.435720674944,1.9432620403930319,0.160355759015971,0.2474321282534916,True,True,,passed,,0.005301699988194741,192,True,True,True,True
3_1_torus_T_2_3,exact_polygon_subdivision,24,192,8,oblique_008_neg006,generic_tilt,"[0.08, -0.06, 1.0]",3,3,31.111473316611864,8.512417816499136,1.4309720537438932,3,1,True,1:+1:-1|2:-1:-1|3:+1:-1|1:-1:-1|2:+1:-1|3:-1:-1,"[[2, 5, 3, 6], [4, 1, 5, 2], [6, 3, 1, 4]]",3,3,3,True,True,passed,,passed,False,3,1,3,,True,28.106285781643727,1.9443873065008697,0.015103124035157123,0.24549372527249913,True,True,,passed,,0.005408700002590194,192,True,True,True,True
3_1_torus_T_2_3,smooth_parametric_resampling,24,16,,z_axis,axis_aligned_reference,"[0.0, 0.0, 1.0]",3,3,30.18266129798782,7.545665324496951,1.579679298302363,3,1,True,1:+1:-1|2:-1:-1|3:+1:-1|1:-1:-1|2:+1:-1|3:-1:-1,"[[2, 5, 3, 6], [4, 1, 5, 2], [6, 3, 1, 4]]",3,3,3,True,True,passed,,passed,False,3,1,3,,True,60.31502983517635,1.6955181300451467,0.0,0.22075035329181478,True,True,,passed,,0.0009439999994356185,96,True,True,True,True
3_1_torus_T_2_3,smooth_parametric_resampling,24,16,,tilt_x_005,generic_tilt,"[0.05, 0.0, 1.0]",3,3,30.18266129798782,7.545665324496951,1.579679298302363,3,1,True,1:+1:-1|2:-1:-1|3:+1:-1|1:-1:-1|2:+1:-1|3:-1:-1,"[[2, 5, 3, 6], [4, 1, 5, 2], [6, 3, 1, 4]]",3,3,3,True,True,passed,,passed,False,3,1,3,,True,61.75921186622232,1.6906712983253507,0.02817820624135159,0.2190766870837709,True,True,,passed,,0.0008679000020492822,96,True,True,True,True
3_1_torus_T_2_3,smooth_parametric_resampling,24,16,,tilt_y_neg007,generic_tilt,"[0.0, -0.07, 1.0]",3,3,30.18266129798782,7.545665324496951,1.579679298302363,3,1,True,1:+1:-1|2:-1:-1|3:+1:-1|1:-1:-1|2:+1:-1|3:-1:-1,"[[2, 5, 3, 6], [4, 1, 5, 2], [6, 3, 1, 4]]",3,3,3,True,True,passed,,passed,False,3,1,3,,True,65.8386080679234,1.676326133242711,0.0870490597915401,0.22048304803844637,True,True,,passed,,0.0010271000064676628,96,True,True,True,True
3_1_torus_T_2_3,smooth_parametric_resampling,24,16,,oblique_008_neg006,generic_tilt,"[0.08, -0.06, 1.0]",3,3,30.18266129798782,7.545665324496951,1.579679298302363,3,1,True,1:+1:-1|2:-1:-1|3:+1:-1|1:-1:-1|2:+1:-1|3:-1:-1,"[[2, 5, 3, 6], [4, 1, 5, 2], [6, 3, 1, 4]]",3,3,3,True,True,passed,,passed,False,3,1,3,,True,65.68577918360829,1.6729807923494195,0.013622897748164053,0.21758673680392346,True,True,,passed,,0.00112079999234993,96,True,True,True,True
3_1_torus_T_2_3,smooth_parametric_resampling,24,24,,z_axis,axis_aligned_reference,"[0.0, 0.0, 1.0]",3,3,31.111473316611864,7.777868329152967,1.6618927959282308,3,1,True,1:+1:-1|2:-1:-1|3:+1:-1|1:-1:-1|2:+1:-1|3:-1:-1,"[[2, 5, 3, 6], [4, 1, 5, 2], [6, 3, 1, 4]]",3,3,3,True,True,passed,,passed,False,3,1,3,,True,67.98546386556724,1.9999999999999991,0.0,0.2542534682939368,True,True,,passed,,0.001019200004520826,96,True,True,True,True
3_1_torus_T_2_3,smooth_parametric_resampling,24,24,,tilt_x_005,generic_tilt,"[0.05, 0.0, 1.0]",3,3,31.111473316611864,7.777868329152967,1.6618927959282308,3,1,True,1:+1:-1|2:-1:-1|3:+1:-1|1:-1:-1|2:+1:-1|3:-1:-1,"[[2, 5, 3, 6], [4, 1, 5, 2], [6, 3, 1, 4]]",3,3,3,True,True,passed,,passed,False,3,1,3,,True,68.89970696441878,1.9618668466768927,0.02636409588035704,0.24757605683798353,True,True,,passed,,0.0012409000046318397,96,True,True,True,True
3_1_torus_T_2_3,smooth_parametric_resampling,24,24,,tilt_y_neg007,generic_tilt,"[0.0, -0.07, 1.0]",3,3,31.111473316611864,7.777868329152967,1.6618927959282308,3,1,True,1:+1:-1|2:-1:-1|3:+1:-1|1:-1:-1|2:+1:-1|3:-1:-1,"[[2, 5, 3, 6], [4, 1, 5, 2], [6, 3, 1, 4]]",3,3,3,True,True,passed,,passed,False,3,1,3,,True,69.43572067494391,1.9432620403930316,0.09620547644776778,0.24743212825349156,True,True,,passed,,0.001131199998781085,96,True,True,True,True
3_1_torus_T_2_3,smooth_parametric_resampling,24,24,,oblique_008_neg006,generic_tilt,"[0.08, -0.06, 1.0]",3,3,31.111473316611864,7.777868329152967,1.6618927959282308,3,1,True,1:+1:-1|2:-1:-1|3:+1:-1|1:-1:-1|2:+1:-1|3:-1:-1,"[[2, 5, 3, 6], [4, 1, 5, 2], [6, 3, 1, 4]]",3,3,3,True,True,passed,,passed,False,3,1,3,,True,28.106285781643685,1.9443873065008697,0.0018878905043946403,0.24549372527249913,True,True,,passed,,0.001269000000320375,96,True,True,True,True
3_1_torus_T_2_3,smooth_parametric_resampling,24,32,,z_axis,axis_aligned_reference,"[0.0, 0.0, 1.0]",3,3,31.450836643244422,7.862709160811103,1.579679298302363,3,1,True,1:+1:-1|2:-1:-1|3:+1:-1|1:-1:-1|2:+1:-1|3:-1:-1,"[[2, 5, 3, 6], [4, 1, 5, 2], [6, 3, 1, 4]]",3,3,3,True,True,passed,,passed,False,3,1,3,,True,70.5507600642671,1.9231411216129217,0.0,0.24214641201878195,True,True,,passed,,0.0013807000068482012,96,True,True,True,True
3_1_torus_T_2_3,smooth_parametric_resampling,24,32,,tilt_x_005,generic_tilt,"[0.05, 0.0, 1.0]",3,3,31.450836643244422,7.862709160811103,1.579679298302363,3,1,True,1:+1:-1|2:-1:-1|3:+1:-1|1:-1:-1|2:+1:-1|3:-1:-1,"[[2, 5, 3, 6], [4, 1, 5, 2], [6, 3, 1, 4]]",3,3,3,True,True,passed,,passed,False,3,1,3,,True,71.27919752594853,1.9201870992695829,0.06402651082751731,0.2401247448625426,True,True,,passed,,0.0012556999863591045,96,True,True,True,True
3_1_torus_T_2_3,smooth_parametric_resampling,24,32,,tilt_y_neg007,generic_tilt,"[0.0, -0.07, 1.0]",3,3,31.450836643244422,7.862709160811103,1.579679298302363,3,1,True,1:+1:-1|2:-1:-1|3:+1:-1|1:-1:-1|2:+1:-1|3:-1:-1,"[[2, 5, 3, 6], [4, 1, 5, 2], [6, 3, 1, 4]]",3,3,3,True,True,passed,,passed,False,3,1,3,,True,71.69609181337779,1.9391811635928011,0.12399113985180676,0.2430682039092408,True,True,,passed,,0.0014118000108283013,96,True,True,True,True
3_1_torus_T_2_3,smooth_parametric_resampling,24,32,,oblique_008_neg006,generic_tilt,"[0.08, -0.06, 1.0]",3,3,31.450836643244422,7.862709160811103,1.579679298302363,3,1,True,1:+1:-1|2:-1:-1|3:+1:-1|1:-1:-1|2:+1:-1|3:-1:-1,"[[2, 5, 3, 6], [4, 1, 5, 2], [6, 3, 1, 4]]",3,3,3,True,True,passed,,passed,False,3,1,3,,True,71.30709908644445,1.9337898142951087,0.009883747304836987,0.24056635075992178,True,True,,passed,,0.0013694999943254516,96,True,True,True,True
3_1_torus_T_2_3,smooth_parametric_resampling,24,48,,z_axis,axis_aligned_reference,"[0.0, 0.0, 1.0]",3,3,31.697980700122237,7.9244951750305574,1.5660467858401352,3,1,True,1:+1:-1|2:-1:-1|3:+1:-1|1:-1:-1|2:+1:-1|3:-1:-1,"[[2, 5, 3, 6], [4, 1, 5, 2], [6, 3, 1, 4]]",3,3,3,True,True,passed,,passed,False,3,1,3,,True,72.33824913619256,1.9999999999999996,0.0,0.24909009128192744,True,True,,passed,,0.0018125000060535967,96,True,True,True,True
3_1_torus_T_2_3,smooth_parametric_resampling,24,48,,tilt_x_005,generic_tilt,"[0.05, 0.0, 1.0]",3,3,31.697980700122237,7.9244951750305574,1.5660467858401352,3,1,True,1:+1:-1|2:-1:-1|3:+1:-1|1:-1:-1|2:+1:-1|3:-1:-1,"[[2, 5, 3, 6], [4, 1, 5, 2], [6, 3, 1, 4]]",3,3,3,True,True,passed,,passed,False,3,1,3,,True,72.7214571106922,1.9827784813641987,0.01185120588269939,0.2452056844161007,True,True,,passed,,0.0016614000051049516,96,True,True,True,True
3_1_torus_T_2_3,smooth_parametric_resampling,24,48,,tilt_y_neg007,generic_tilt,"[0.0, -0.07, 1.0]",3,3,31.697980700122237,7.9244951750305574,1.5660467858401352,3,1,True,1:+1:-1|2:-1:-1|3:+1:-1|1:-1:-1|2:+1:-1|3:-1:-1,"[[2, 5, 3, 6], [4, 1, 5, 2], [6, 3, 1, 4]]",3,3,3,True,True,passed,,passed,False,3,1,3,,True,72.96431689279925,1.9792137586143852,0.13371820939386225,0.24602619460441513,True,True,,passed,,0.0019524999952409416,96,True,True,True,True
3_1_torus_T_2_3,smooth_parametric_resampling,24,48,,oblique_008_neg006,generic_tilt,"[0.08, -0.06, 1.0]",3,3,31.697980700122237,7.9244951750305574,1.5660467858401352,3,1,True,1:+1:-1|2:-1:-1|3:+1:-1|1:-1:-1|2:+1:-1|3:-1:-1,"[[2, 5, 3, 6], [4, 1, 5, 2], [6, 3, 1, 4]]",3,3,3,True,True,passed,,passed,False,3,1,3,,True,51.77637671859821,1.9758646004844291,0.03593175260206216,0.2437573741739772,True,True,,passed,,0.001963699993211776,96,True,True,True,True
3_1_torus_T_2_3,smooth_parametric_resampling,24,64,,z_axis,axis_aligned_reference,"[0.0, 0.0, 1.0]",3,3,31.785431338436116,7.946357834609028,1.548148594998098,3,1,True,1:+1:-1|2:-1:-1|3:+1:-1|1:-1:-1|2:+1:-1|3:-1:-1,"[[2, 5, 3, 6], [4, 1, 5, 2], [6, 3, 1, 4]]",3,3,3,True,True,passed,,passed,False,3,1,3,,True,72.95459737638727,1.9807389066887877,0.0,0.2462527985025454,True,True,,passed,,0.0024440999986836687,96,True,True,True,True
3_1_torus_T_2_3,smooth_parametric_resampling,24,64,,tilt_x_005,generic_tilt,"[0.05, 0.0, 1.0]",3,3,31.785431338436116,7.946357834609028,1.548148594998098,3,1,True,1:+1:-1|2:-1:-1|3:+1:-1|1:-1:-1|2:+1:-1|3:-1:-1,"[[2, 5, 3, 6], [4, 1, 5, 2], [6, 3, 1, 4]]",3,3,3,True,True,passed,,passed,False,3,1,3,,True,73.28995765066102,1.9809084691260634,0.14616066549108808,0.24439140806354293,True,True,,passed,,0.00243649999902118,96,True,True,True,True
3_1_torus_T_2_3,smooth_parametric_resampling,24,64,,tilt_y_neg007,generic_tilt,"[0.0, -0.07, 1.0]",3,3,31.785431338436116,7.946357834609028,1.548148594998098,3,1,True,1:+1:-1|2:-1:-1|3:+1:-1|1:-1:-1|2:+1:-1|3:-1:-1,"[[2, 5, 3, 6], [4, 1, 5, 2], [6, 3, 1, 4]]",3,3,3,True,True,passed,,passed,False,3,1,3,,True,73.41060035517711,1.9795531077171347,0.2079847797071892,0.2458705784883822,True,True,,passed,,0.0024656000023242086,96,True,True,True,True
3_1_torus_T_2_3,smooth_parametric_resampling,24,64,,oblique_008_neg006,generic_tilt,"[0.08, -0.06, 1.0]",3,3,31.785431338436116,7.946357834609028,1.548148594998098,3,1,True,1:+1:-1|2:-1:-1|3:+1:-1|1:-1:-1|2:+1:-1|3:-1:-1,"[[2, 5, 3, 6], [4, 1, 5, 2], [6, 3, 1, 4]]",3,3,3,True,True,passed,,passed,False,3,1,3,,True,73.39012009472046,1.9817520776199404,0.06371357249695109,0.24415718799348488,True,True,,passed,,0.0022917000023880973,96,True,True,True,True
3_1_torus_T_2_3,smooth_parametric_resampling,24,96,,z_axis,axis_aligned_reference,"[0.0, 0.0, 1.0]",3,3,31.848201000228453,7.962050250057112,1.5660467858401352,3,1,True,1:+1:-1|2:-1:-1|3:+1:-1|1:-1:-1|2:+1:-1|3:-1:-1,"[[2, 5, 3, 6], [4, 1, 5, 2], [6, 3, 1, 4]]",3,3,3,True,True,passed,,passed,False,3,1,3,,True,73.39183312653299,2.0,0.0,0.2487471591544219,True,True,,passed,,0.002865000002202578,96,True,True,True,True
3_1_torus_T_2_3,smooth_parametric_resampling,24,96,,tilt_x_005,generic_tilt,"[0.05, 0.0, 1.0]",3,3,31.848201000228453,7.962050250057112,1.5660467858401352,3,1,True,1:+1:-1|2:-1:-1|3:+1:-1|1:-1:-1|2:+1:-1|3:-1:-1,"[[2, 5, 3, 6], [4, 1, 5, 2], [6, 3, 1, 4]]",3,3,3,True,True,passed,,passed,False,3,1,3,,True,63.09666552243529,1.9926853207655078,0.009308051453778887,0.24596934475071058,True,True,,passed,,0.002959799996460788,96,True,True,True,True
3_1_torus_T_2_3,smooth_parametric_resampling,24,96,,tilt_y_neg007,generic_tilt,"[0.0, -0.07, 1.0]",3,3,31.848201000228453,7.962050250057112,1.5660467858401352,3,1,True,1:+1:-1|2:-1:-1|3:+1:-1|1:-1:-1|2:+1:-1|3:-1:-1,"[[2, 5, 3, 6], [4, 1, 5, 2], [6, 3, 1, 4]]",3,3,3,True,True,passed,,passed,False,3,1,3,,True,73.65197216146565,1.9925468659738668,0.21852680338579944,0.24731832397671355,True,True,,passed,,0.004185300000244752,96,True,True,True,True
3_1_torus_T_2_3,smooth_parametric_resampling,24,96,,oblique_008_neg006,generic_tilt,"[0.08, -0.06, 1.0]",3,3,31.848201000228453,7.962050250057112,1.5660467858401352,3,1,True,1:+1:-1|2:-1:-1|3:+1:-1|1:-1:-1|2:+1:-1|3:-1:-1,"[[2, 5, 3, 6], [4, 1, 5, 2], [6, 3, 1, 4]]",3,3,3,True,True,passed,,passed,False,3,1,3,,True,63.12080787431061,1.9924340621223249,0.12112847324616283,0.24526860358427743,True,True,,passed,,0.0032198999979300424,96,True,True,True,True
5_1_torus_T_2_5,exact_polygon_subdivision,32,32,1,z_axis,axis_aligned_reference,"[0.0, 0.0, 1.0]",5,5,39.406960620509196,14.023839577637053,1.1387649906642063,5,1,True,1:+1:-1|2:-1:-1|3:+1:-1|4:-1:-1|5:+1:-1|1:-1:-1|2:+1:-1|3:-1:-1|4:+1:-1|5:-1:-1,"[[2, 7, 3, 8], [4, 9, 5, 10], [6, 1, 7, 2], [8, 3, 9, 4], [10, 5, 1, 6]]",5,5,5,True,True,passed,,passed,False,5,1,5,,True,80.55245890646349,1.772377008432225,0.0,0.21837256123529367,True,True,,passed,,0.0027539000002434477,256,True,True,True,True
5_1_torus_T_2_5,exact_polygon_subdivision,32,32,1,tilt_x_005,generic_tilt,"[0.05, 0.0, 1.0]",5,5,39.406960620509196,14.023839577637053,1.1387649906642063,5,1,True,1:+1:-1|2:-1:-1|3:+1:-1|4:-1:-1|5:+1:-1|1:-1:-1|2:+1:-1|3:-1:-1|4:+1:-1|5:-1:-1,"[[2, 7, 3, 8], [4, 9, 5, 10], [6, 1, 7, 2], [8, 3, 9, 4], [10, 5, 1, 6]]",5,5,5,True,True,passed,,passed,False,5,1,5,,True,80.34028577751407,1.76721324828695,0.03421994169804776,0.21664323533068247,True,True,,passed,,0.0026107000012416393,256,True,True,True,True
5_1_torus_T_2_5,exact_polygon_subdivision,32,32,1,tilt_y_neg007,generic_tilt,"[0.0, -0.07, 1.0]",5,5,39.406960620509196,14.023839577637053,1.1387649906642063,5,1,True,1:+1:-1|2:-1:-1|3:+1:-1|4:-1:-1|5:+1:-1|1:-1:-1|2:+1:-1|3:-1:-1|4:+1:-1|5:-1:-1,"[[2, 7, 3, 8], [4, 9, 5, 10], [6, 1, 7, 2], [8, 3, 9, 4], [10, 5, 1, 6]]",5,5,5,True,True,passed,,passed,False,5,1,5,,True,54.80196798403876,1.783679943201014,0.05960351940902697,0.21823120629082798,True,True,,passed,,0.002711900000576861,256,True,True,True,True
5_1_torus_T_2_5,exact_polygon_subdivision,32,32,1,oblique_008_neg006,generic_tilt,"[0.08, -0.06, 1.0]",5,5,39.406960620509196,14.023839577637053,1.1387649906642063,5,1,True,1:+1:-1|2:-1:-1|3:+1:-1|4:-1:-1|5:+1:-1|1:-1:-1|2:+1:-1|3:-1:-1|4:+1:-1|5:-1:-1,"[[2, 7, 3, 8], [4, 9, 5, 10], [6, 1, 7, 2], [8, 3, 9, 4], [10, 5, 1, 6]]",5,5,5,True,True,passed,,passed,False,5,1,5,,True,54.59266119789174,1.775301005320879,0.012070425417155306,0.21634784961665096,True,True,,passed,,0.002316800004336983,256,True,True,True,True
5_1_torus_T_2_5,exact_polygon_subdivision,32,64,2,z_axis,axis_aligned_reference,"[0.0, 0.0, 1.0]",5,5,39.406960620509196,14.023839577637037,1.1387649906642063,5,1,True,1:+1:-1|2:-1:-1|3:+1:-1|4:-1:-1|5:+1:-1|1:-1:-1|2:+1:-1|3:-1:-1|4:+1:-1|5:-1:-1,"[[2, 7, 3, 8], [4, 9, 5, 10], [6, 1, 7, 2], [8, 3, 9, 4], [10, 5, 1, 6]]",5,5,5,True,True,passed,,passed,False,5,1,5,,True,80.55245890646347,1.772377008432225,0.0,0.21837256123529367,True,True,,passed,,0.0031249000021489337,256,True,True,True,True
5_1_torus_T_2_5,exact_polygon_subdivision,32,64,2,tilt_x_005,generic_tilt,"[0.05, 0.0, 1.0]",5,5,39.406960620509196,14.023839577637037,1.1387649906642063,5,1,True,1:+1:-1|2:-1:-1|3:+1:-1|4:-1:-1|5:+1:-1|1:-1:-1|2:+1:-1|3:-1:-1|4:+1:-1|5:-1:-1,"[[2, 7, 3, 8], [4, 9, 5, 10], [6, 1, 7, 2], [8, 3, 9, 4], [10, 5, 1, 6]]",5,5,5,True,True,passed,,passed,False,5,1,5,,True,80.34028577751408,1.76721324828695,0.02180793732091857,0.21664323533068247,True,True,,passed,,0.004435599999851547,256,True,True,True,True
5_1_torus_T_2_5,exact_polygon_subdivision,32,64,2,tilt_y_neg007,generic_tilt,"[0.0, -0.07, 1.0]",5,5,39.406960620509196,14.023839577637037,1.1387649906642063,5,1,True,1:+1:-1|2:-1:-1|3:+1:-1|4:-1:-1|5:+1:-1|1:-1:-1|2:+1:-1|3:-1:-1|4:+1:-1|5:-1:-1,"[[2, 7, 3, 8], [4, 9, 5, 10], [6, 1, 7, 2], [8, 3, 9, 4], [10, 5, 1, 6]]",5,5,5,True,True,passed,,passed,False,5,1,5,,True,54.80196798403877,1.783679943201014,0.11920703881805395,0.21823120629082798,True,True,,passed,,0.0037189999857218936,256,True,True,True,True
5_1_torus_T_2_5,exact_polygon_subdivision,32,64,2,oblique_008_neg006,generic_tilt,"[0.08, -0.06, 1.0]",5,5,39.406960620509196,14.023839577637037,1.1387649906642063,5,1,True,1:+1:-1|2:-1:-1|3:+1:-1|4:-1:-1|5:+1:-1|1:-1:-1|2:+1:-1|3:-1:-1|4:+1:-1|5:-1:-1,"[[2, 7, 3, 8], [4, 9, 5, 10], [6, 1, 7, 2], [8, 3, 9, 4], [10, 5, 1, 6]]",5,5,5,True,True,passed,,passed,False,5,1,5,,True,54.592661197891765,1.775301005320879,0.024140850834310612,0.21634784961665096,True,True,,passed,,0.003471699994406663,256,True,True,True,True
5_1_torus_T_2_5,exact_polygon_subdivision,32,128,4,z_axis,axis_aligned_reference,"[0.0, 0.0, 1.0]",5,5,39.4069606205092,14.324393446427775,1.1353198955277053,5,1,True,1:+1:-1|2:-1:-1|3:+1:-1|4:-1:-1|5:+1:-1|1:-1:-1|2:+1:-1|3:-1:-1|4:+1:-1|5:-1:-1,"[[2, 7, 3, 8], [4, 9, 5, 10], [6, 1, 7, 2], [8, 3, 9, 4], [10, 5, 1, 6]]",5,5,5,True,True,passed,,passed,False,5,1,5,,True,80.5524589064634,1.772377008432225,0.0,0.21837256123529367,True,True,,passed,,0.005142099995282479,256,True,True,True,True
5_1_torus_T_2_5,exact_polygon_subdivision,32,128,4,tilt_x_005,generic_tilt,"[0.05, 0.0, 1.0]",5,5,39.4069606205092,14.324393446427775,1.1353198955277053,5,1,True,1:+1:-1|2:-1:-1|3:+1:-1|4:-1:-1|5:+1:-1|1:-1:-1|2:+1:-1|3:-1:-1|4:+1:-1|5:-1:-1,"[[2, 7, 3, 8], [4, 9, 5, 10], [6, 1, 7, 2], [8, 3, 9, 4], [10, 5, 1, 6]]",5,5,5,True,True,passed,,passed,False,5,1,5,,True,80.34028577751408,1.76721324828695,0.04361587464183714,0.21664323533068247,True,True,,passed,,0.005662700001266785,256,True,True,True,True
5_1_torus_T_2_5,exact_polygon_subdivision,32,128,4,tilt_y_neg007,generic_tilt,"[0.0, -0.07, 1.0]",5,5,39.4069606205092,14.324393446427775,1.1353198955277053,5,1,True,1:+1:-1|2:-1:-1|3:+1:-1|4:-1:-1|5:+1:-1|1:-1:-1|2:+1:-1|3:-1:-1|4:+1:-1|5:-1:-1,"[[2, 7, 3, 8], [4, 9, 5, 10], [6, 1, 7, 2], [8, 3, 9, 4], [10, 5, 1, 6]]",5,5,5,True,True,passed,,passed,False,5,1,5,,True,54.80196798403877,1.783679943201014,0.09295830232929347,0.21823120629082798,True,True,,passed,,0.006358200000249781,256,True,True,True,True
5_1_torus_T_2_5,exact_polygon_subdivision,32,128,4,oblique_008_neg006,generic_tilt,"[0.08, -0.06, 1.0]",5,5,39.4069606205092,14.324393446427775,1.1353198955277053,5,1,True,1:+1:-1|2:-1:-1|3:+1:-1|4:-1:-1|5:+1:-1|1:-1:-1|2:+1:-1|3:-1:-1|4:+1:-1|5:-1:-1,"[[2, 7, 3, 8], [4, 9, 5, 10], [6, 1, 7, 2], [8, 3, 9, 4], [10, 5, 1, 6]]",5,5,5,True,True,passed,,passed,False,5,1,5,,True,54.592661197891815,1.7753010053208789,0.04828170166861412,0.21634784961665093,True,True,,passed,,0.006920400002854876,256,True,True,True,True
5_1_torus_T_2_5,exact_polygon_subdivision,32,256,8,z_axis,axis_aligned_reference,"[0.0, 0.0, 1.0]",5,5,39.406960620509196,14.411257480427535,1.1265451476067823,5,1,True,1:+1:-1|2:-1:-1|3:+1:-1|4:-1:-1|5:+1:-1|1:-1:-1|2:+1:-1|3:-1:-1|4:+1:-1|5:-1:-1,"[[2, 7, 3, 8], [4, 9, 5, 10], [6, 1, 7, 2], [8, 3, 9, 4], [10, 5, 1, 6]]",5,5,5,True,True,passed,,passed,False,5,1,5,,True,80.55245890646353,1.7723770084322252,0.0,0.2183725612352937,True,True,,passed,,0.009968800004571676,256,True,True,True,True
5_1_torus_T_2_5,exact_polygon_subdivision,32,256,8,tilt_x_005,generic_tilt,"[0.05, 0.0, 1.0]",5,5,39.406960620509196,14.411257480427535,1.1265451476067823,5,1,True,1:+1:-1|2:-1:-1|3:+1:-1|4:-1:-1|5:+1:-1|1:-1:-1|2:+1:-1|3:-1:-1|4:+1:-1|5:-1:-1,"[[2, 7, 3, 8], [4, 9, 5, 10], [6, 1, 7, 2], [8, 3, 9, 4], [10, 5, 1, 6]]",5,5,5,True,True,passed,,passed,False,5,1,5,,True,80.34028577751418,1.76721324828695,0.0869697796170179,0.21664323533068247,True,True,,passed,,0.008644999994430691,256,True,True,True,True
5_1_torus_T_2_5,exact_polygon_subdivision,32,256,8,tilt_y_neg007,generic_tilt,"[0.0, -0.07, 1.0]",5,5,39.406960620509196,14.411257480427535,1.1265451476067823,5,1,True,1:+1:-1|2:-1:-1|3:+1:-1|4:-1:-1|5:+1:-1|1:-1:-1|2:+1:-1|3:-1:-1|4:+1:-1|5:-1:-1,"[[2, 7, 3, 8], [4, 9, 5, 10], [6, 1, 7, 2], [8, 3, 9, 4], [10, 5, 1, 6]]",5,5,5,True,True,passed,,passed,False,5,1,5,,True,54.801967984038754,1.783679943201014,0.17084437777205608,0.21823120629082798,True,True,,passed,,0.009839000005740672,256,True,True,True,True
5_1_torus_T_2_5,exact_polygon_subdivision,32,256,8,oblique_008_neg006,generic_tilt,"[0.08, -0.06, 1.0]",5,5,39.406960620509196,14.411257480427535,1.1265451476067823,5,1,True,1:+1:-1|2:-1:-1|3:+1:-1|4:-1:-1|5:+1:-1|1:-1:-1|2:+1:-1|3:-1:-1|4:+1:-1|5:-1:-1,"[[2, 7, 3, 8], [4, 9, 5, 10], [6, 1, 7, 2], [8, 3, 9, 4], [10, 5, 1, 6]]",5,5,5,True,True,passed,,passed,False,5,1,5,,True,54.59266119789184,1.7753010053208789,0.020332160166738333,0.21634784961665093,True,True,,passed,,0.008680300001287833,256,True,True,True,True
5_1_torus_T_2_5,smooth_parametric_resampling,32,16,,z_axis,axis_aligned_reference,"[0.0, 0.0, 1.0]",5,5,35.60890823430561,10.796860807729221,1.4316574286832553,5,1,True,1:+1:-1|2:-1:-1|3:+1:-1|4:-1:-1|5:+1:-1|1:-1:-1|2:+1:-1|3:-1:-1|4:+1:-1|5:-1:-1,"[[2, 7, 3, 8], [4, 9, 5, 10], [6, 1, 7, 2], [8, 3, 9, 4], [10, 5, 1, 6]]",5,5,5,True,True,passed,,passed,False,5,1,5,,True,60.315029835176375,1.132908994701045,0.0,0.1475006703827291,True,True,,passed,,0.001987600000575185,96,True,True,True,True
5_1_torus_T_2_5,smooth_parametric_resampling,32,16,,tilt_x_005,generic_tilt,"[0.05, 0.0, 1.0]",5,5,35.60890823430561,10.796860807729221,1.4316574286832553,5,1,True,1:+1:-1|2:-1:-1|3:+1:-1|4:-1:-1|5:+1:-1|1:-1:-1|2:+1:-1|3:-1:-1|4:+1:-1|5:-1:-1,"[[2, 7, 3, 8], [4, 9, 5, 10], [6, 1, 7, 2], [8, 3, 9, 4], [10, 5, 1, 6]]",5,5,5,True,True,passed,,passed,False,5,1,5,,True,63.560101685254494,1.129670445284287,0.027092286415928868,0.1463823623755067,True,True,,passed,,0.001972900005057454,96,True,True,True,True
5_1_torus_T_2_5,smooth_parametric_resampling,32,16,,tilt_y_neg007,generic_tilt,"[0.0, -0.07, 1.0]",5,5,35.60890823430561,10.796860807729221,1.4316574286832553,5,1,True,1:+1:-1|2:-1:-1|3:+1:-1|4:-1:-1|5:+1:-1|1:-1:-1|2:+1:-1|3:-1:-1|4:+1:-1|5:-1:-1,"[[2, 7, 3, 8], [4, 9, 5, 10], [6, 1, 7, 2], [8, 3, 9, 4], [10, 5, 1, 6]]",5,5,5,True,True,passed,,passed,False,5,1,5,,True,69.25327621256,1.1200853124186418,0.08161172237160841,0.14430552660685025,True,True,,passed,,0.0022779999999329448,96,True,True,True,True
5_1_torus_T_2_5,smooth_parametric_resampling,32,16,,oblique_008_neg006,generic_tilt,"[0.08, -0.06, 1.0]",5,5,35.60890823430561,10.796860807729221,1.4316574286832553,5,1,True,1:+1:-1|2:-1:-1|3:+1:-1|4:-1:-1|5:+1:-1|1:-1:-1|2:+1:-1|3:-1:-1|4:+1:-1|5:-1:-1,"[[2, 7, 3, 8], [4, 9, 5, 10], [6, 1, 7, 2], [8, 3, 9, 4], [10, 5, 1, 6]]",5,5,5,True,True,passed,,passed,False,5,1,5,,True,68.85881199881653,1.1178500270971856,0.012881582429015381,0.14279931402788087,True,True,,passed,,0.00260990000970196,96,True,True,True,True
5_1_torus_T_2_5,smooth_parametric_resampling,32,24,,z_axis,axis_aligned_reference,"[0.0, 0.0, 1.0]",5,5,38.35215813010802,13.737869965538888,1.1563989749074783,5,1,True,1:+1:-1|2:-1:-1|3:+1:-1|4:-1:-1|5:+1:-1|1:-1:-1|2:+1:-1|3:-1:-1|4:+1:-1|5:-1:-1,"[[2, 7, 3, 8], [4, 9, 5, 10], [6, 1, 7, 2], [8, 3, 9, 4], [10, 5, 1, 6]]",5,5,5,True,True,passed,,passed,False,5,1,5,,True,83.13687221862129,1.6003983099814811,0.0,0.19954742413813628,True,True,,passed,,0.0023277000000234693,96,True,True,True,True
5_1_torus_T_2_5,smooth_parametric_resampling,32,24,,tilt_x_005,generic_tilt,"[0.05, 0.0, 1.0]",5,5,38.35215813010802,13.737869965538888,1.1563989749074783,5,1,True,1:+1:-1|2:-1:-1|3:+1:-1|4:-1:-1|5:+1:-1|1:-1:-1|2:+1:-1|3:-1:-1|4:+1:-1|5:-1:-1,"[[2, 7, 3, 8], [4, 9, 5, 10], [6, 1, 7, 2], [8, 3, 9, 4], [10, 5, 1, 6]]",5,5,5,True,True,passed,,passed,False,5,1,5,,True,82.99160842364283,1.5995762121662267,0.02577491945496746,0.1983125274001495,True,True,,passed,,0.002290300006279722,96,True,True,True,True
5_1_torus_T_2_5,smooth_parametric_resampling,32,24,,tilt_y_neg007,generic_tilt,"[0.0, -0.07, 1.0]",5,5,38.35215813010802,13.737869965538888,1.1563989749074783,5,1,True,1:+1:-1|2:-1:-1|3:+1:-1|4:-1:-1|5:+1:-1|1:-1:-1|2:+1:-1|3:-1:-1|4:+1:-1|5:-1:-1,"[[2, 7, 3, 8], [4, 9, 5, 10], [6, 1, 7, 2], [8, 3, 9, 4], [10, 5, 1, 6]]",5,5,5,True,True,passed,,passed,False,5,1,5,,True,54.392845945845586,1.6192368547049427,0.12304019950961731,0.20014470012305705,True,True,,passed,,0.0021259000059217215,96,True,True,True,True
5_1_torus_T_2_5,smooth_parametric_resampling,32,24,,oblique_008_neg006,generic_tilt,"[0.08, -0.06, 1.0]",5,5,38.35215813010802,13.737869965538888,1.1563989749074783,5,1,True,1:+1:-1|2:-1:-1|3:+1:-1|4:-1:-1|5:+1:-1|1:-1:-1|2:+1:-1|3:-1:-1|4:+1:-1|5:-1:-1,"[[2, 7, 3, 8], [4, 9, 5, 10], [6, 1, 7, 2], [8, 3, 9, 4], [10, 5, 1, 6]]",5,5,5,True,True,passed,,passed,False,5,1,5,,True,54.05814024975832,1.6165879023319767,0.04015853302565375,0.19838874167275772,True,True,,passed,,0.0025538000045344234,96,True,True,True,True
5_1_torus_T_2_5,smooth_parametric_resampling,32,32,,z_axis,axis_aligned_reference,"[0.0, 0.0, 1.0]",5,5,39.406960620509196,14.023839577637053,1.1387649906642063,5,1,True,1:+1:-1|2:-1:-1|3:+1:-1|4:-1:-1|5:+1:-1|1:-1:-1|2:+1:-1|3:-1:-1|4:+1:-1|5:-1:-1,"[[2, 7, 3, 8], [4, 9, 5, 10], [6, 1, 7, 2], [8, 3, 9, 4], [10, 5, 1, 6]]",5,5,5,True,True,passed,,passed,False,5,1,5,,True,80.55245890646349,1.772377008432225,0.0,0.21837256123529367,True,True,,passed,,0.002670900008524768,96,True,True,True,True
5_1_torus_T_2_5,smooth_parametric_resampling,32,32,,tilt_x_005,generic_tilt,"[0.05, 0.0, 1.0]",5,5,39.406960620509196,14.023839577637053,1.1387649906642063,5,1,True,1:+1:-1|2:-1:-1|3:+1:-1|4:-1:-1|5:+1:-1|1:-1:-1|2:+1:-1|3:-1:-1|4:+1:-1|5:-1:-1,"[[2, 7, 3, 8], [4, 9, 5, 10], [6, 1, 7, 2], [8, 3, 9, 4], [10, 5, 1, 6]]",5,5,5,True,True,passed,,passed,False,5,1,5,,True,80.34028577751407,1.76721324828695,0.03421994169804776,0.21664323533068247,True,True,,passed,,0.0024431000056210905,96,True,True,True,True
5_1_torus_T_2_5,smooth_parametric_resampling,32,32,,tilt_y_neg007,generic_tilt,"[0.0, -0.07, 1.0]",5,5,39.406960620509196,14.023839577637053,1.1387649906642063,5,1,True,1:+1:-1|2:-1:-1|3:+1:-1|4:-1:-1|5:+1:-1|1:-1:-1|2:+1:-1|3:-1:-1|4:+1:-1|5:-1:-1,"[[2, 7, 3, 8], [4, 9, 5, 10], [6, 1, 7, 2], [8, 3, 9, 4], [10, 5, 1, 6]]",5,5,5,True,True,passed,,passed,False,5,1,5,,True,54.80196798403876,1.783679943201014,0.05960351940902697,0.21823120629082798,True,True,,passed,,0.002677700002095662,96,True,True,True,True
5_1_torus_T_2_5,smooth_parametric_resampling,32,32,,oblique_008_neg006,generic_tilt,"[0.08, -0.06, 1.0]",5,5,39.406960620509196,14.023839577637053,1.1387649906642063,5,1,True,1:+1:-1|2:-1:-1|3:+1:-1|4:-1:-1|5:+1:-1|1:-1:-1|2:+1:-1|3:-1:-1|4:+1:-1|5:-1:-1,"[[2, 7, 3, 8], [4, 9, 5, 10], [6, 1, 7, 2], [8, 3, 9, 4], [10, 5, 1, 6]]",5,5,5,True,True,passed,,passed,False,5,1,5,,True,54.59266119789174,1.775301005320879,0.012070425417155306,0.21634784961665096,True,True,,passed,,0.003370799997355789,96,True,True,True,True
5_1_torus_T_2_5,smooth_parametric_resampling,32,48,,z_axis,axis_aligned_reference,"[0.0, 0.0, 1.0]",5,5,40.19227034486258,14.385883839771418,1.1563989749074783,5,1,True,1:+1:-1|2:-1:-1|3:+1:-1|4:-1:-1|5:+1:-1|1:-1:-1|2:+1:-1|3:-1:-1|4:+1:-1|5:-1:-1,"[[2, 7, 3, 8], [4, 9, 5, 10], [6, 1, 7, 2], [8, 3, 9, 4], [10, 5, 1, 6]]",5,5,5,True,True,passed,,passed,False,5,1,5,,True,78.74351719886266,1.897923859661031,0.0,0.22947288062717852,True,True,,passed,,0.00300839998817537,96,True,True,True,True
5_1_torus_T_2_5,smooth_parametric_resampling,32,48,,tilt_x_005,generic_tilt,"[0.05, 0.0, 1.0]",5,5,40.19227034486258,14.385883839771418,1.1563989749074783,5,1,True,1:+1:-1|2:-1:-1|3:+1:-1|4:-1:-1|5:+1:-1|1:-1:-1|2:+1:-1|3:-1:-1|4:+1:-1|5:-1:-1,"[[2, 7, 3, 8], [4, 9, 5, 10], [6, 1, 7, 2], [8, 3, 9, 4], [10, 5, 1, 6]]",5,5,5,True,True,passed,,passed,False,5,1,5,,True,78.61598045967565,1.895324501331412,0.042581688774063764,0.22793454762675747,True,True,,passed,,0.0033540999866090715,96,True,True,True,True
5_1_torus_T_2_5,smooth_parametric_resampling,32,48,,tilt_y_neg007,generic_tilt,"[0.0, -0.07, 1.0]",5,5,40.19227034486258,14.385883839771418,1.1563989749074783,5,1,True,1:+1:-1|2:-1:-1|3:+1:-1|4:-1:-1|5:+1:-1|1:-1:-1|2:+1:-1|3:-1:-1|4:+1:-1|5:-1:-1,"[[2, 7, 3, 8], [4, 9, 5, 10], [6, 1, 7, 2], [8, 3, 9, 4], [10, 5, 1, 6]]",5,5,5,True,True,passed,,passed,False,5,1,5,,True,59.315518756298424,1.8972233771238787,0.18689377767609727,0.22769419868006038,True,True,,passed,,0.002882900007534772,96,True,True,True,True
5_1_torus_T_2_5,smooth_parametric_resampling,32,48,,oblique_008_neg006,generic_tilt,"[0.08, -0.06, 1.0]",5,5,40.19227034486258,14.385883839771418,1.1563989749074783,5,1,True,1:+1:-1|2:-1:-1|3:+1:-1|4:-1:-1|5:+1:-1|1:-1:-1|2:+1:-1|3:-1:-1|4:+1:-1|5:-1:-1,"[[2, 7, 3, 8], [4, 9, 5, 10], [6, 1, 7, 2], [8, 3, 9, 4], [10, 5, 1, 6]]",5,5,5,True,True,passed,,passed,False,5,1,5,,True,59.250255126481186,1.8948638681580885,0.011627946298574443,0.22676012056282194,True,True,,passed,,0.002968700006022118,96,True,True,True,True
5_1_torus_T_2_5,smooth_parametric_resampling,32,64,,z_axis,axis_aligned_reference,"[0.0, 0.0, 1.0]",5,5,40.47355873070005,14.467290532654944,1.1335701979751232,5,1,True,1:+1:-1|2:-1:-1|3:+1:-1|4:-1:-1|5:+1:-1|1:-1:-1|2:+1:-1|3:-1:-1|4:+1:-1|5:-1:-1,"[[2, 7, 3, 8], [4, 9, 5, 10], [6, 1, 7, 2], [8, 3, 9, 4], [10, 5, 1, 6]]",5,5,5,True,True,passed,,passed,False,5,1,5,,True,78.11797541509016,1.9424022149241336,0.0,0.23353061497378536,True,True,,passed,,0.003410199991776608,96,True,True,True,True
5_1_torus_T_2_5,smooth_parametric_resampling,32,64,,tilt_x_005,generic_tilt,"[0.05, 0.0, 1.0]",5,5,40.47355873070005,14.467290532654944,1.1335701979751232,5,1,True,1:+1:-1|2:-1:-1|3:+1:-1|4:-1:-1|5:+1:-1|1:-1:-1|2:+1:-1|3:-1:-1|4:+1:-1|5:-1:-1,"[[2, 7, 3, 8], [4, 9, 5, 10], [6, 1, 7, 2], [8, 3, 9, 4], [10, 5, 1, 6]]",5,5,5,True,True,passed,,passed,False,5,1,5,,True,78.02175237992692,1.9434362520192363,0.07776289904523015,0.23201015892586072,True,True,,passed,,0.004458099996554665,96,True,True,True,True
5_1_torus_T_2_5,smooth_parametric_resampling,32,64,,tilt_y_neg007,generic_tilt,"[0.0, -0.07, 1.0]",5,5,40.47355873070005,14.467290532654944,1.1335701979751232,5,1,True,1:+1:-1|2:-1:-1|3:+1:-1|4:-1:-1|5:+1:-1|1:-1:-1|2:+1:-1|3:-1:-1|4:+1:-1|5:-1:-1,"[[2, 7, 3, 8], [4, 9, 5, 10], [6, 1, 7, 2], [8, 3, 9, 4], [10, 5, 1, 6]]",5,5,5,True,True,passed,,passed,False,5,1,5,,True,62.81045821550188,1.950823897160799,0.1611838971263282,0.23232986765344385,True,True,,passed,,0.0033915999956661835,96,True,True,True,True
5_1_torus_T_2_5,smooth_parametric_resampling,32,64,,oblique_008_neg006,generic_tilt,"[0.08, -0.06, 1.0]",5,5,40.47355873070005,14.467290532654944,1.1335701979751232,5,1,True,1:+1:-1|2:-1:-1|3:+1:-1|4:-1:-1|5:+1:-1|1:-1:-1|2:+1:-1|3:-1:-1|4:+1:-1|5:-1:-1,"[[2, 7, 3, 8], [4, 9, 5, 10], [6, 1, 7, 2], [8, 3, 9, 4], [10, 5, 1, 6]]",5,5,5,True,True,passed,,passed,False,5,1,5,,True,62.818142154375735,1.9421517435128206,0.040480469370919536,0.23008555618853788,True,True,,passed,,0.003616599991801195,96,True,True,True,True
5_1_torus_T_2_5,smooth_parametric_resampling,32,96,,z_axis,axis_aligned_reference,"[0.0, 0.0, 1.0]",5,5,40.676548542594446,14.557178462343233,1.1341477379228062,5,1,True,1:+1:-1|2:-1:-1|3:+1:-1|4:-1:-1|5:+1:-1|1:-1:-1|2:+1:-1|3:-1:-1|4:+1:-1|5:-1:-1,"[[2, 7, 3, 8], [4, 9, 5, 10], [6, 1, 7, 2], [8, 3, 9, 4], [10, 5, 1, 6]]",5,5,5,True,True,passed,,passed,False,5,1,5,,True,77.6736164428754,1.9743437525408276,0.0,0.23779352298206147,True,True,,passed,,0.004829700003028847,96,True,True,True,True
5_1_torus_T_2_5,smooth_parametric_resampling,32,96,,tilt_x_005,generic_tilt,"[0.05, 0.0, 1.0]",5,5,40.676548542594446,14.557178462343233,1.1341477379228062,5,1,True,1:+1:-1|2:-1:-1|3:+1:-1|4:-1:-1|5:+1:-1|1:-1:-1|2:+1:-1|3:-1:-1|4:+1:-1|5:-1:-1,"[[2, 7, 3, 8], [4, 9, 5, 10], [6, 1, 7, 2], [8, 3, 9, 4], [10, 5, 1, 6]]",5,5,5,True,True,passed,,passed,False,5,1,5,,True,66.62285728723181,1.9757683766198342,0.0589003744218104,0.23630333339035386,True,True,,passed,,0.004583100002491847,96,True,True,True,True
5_1_torus_T_2_5,smooth_parametric_resampling,32,96,,tilt_y_neg007,generic_tilt,"[0.0, -0.07, 1.0]",5,5,40.676548542594446,14.557178462343233,1.1341477379228062,5,1,True,1:+1:-1|2:-1:-1|3:+1:-1|4:-1:-1|5:+1:-1|1:-1:-1|2:+1:-1|3:-1:-1|4:+1:-1|5:-1:-1,"[[2, 7, 3, 8], [4, 9, 5, 10], [6, 1, 7, 2], [8, 3, 9, 4], [10, 5, 1, 6]]",5,5,5,True,True,passed,,passed,False,5,1,5,,True,67.00144484006533,1.9714667469295575,0.10868469735110153,0.23546250852854303,True,True,,passed,,0.004426900006365031,96,True,True,True,True
5_1_torus_T_2_5,smooth_parametric_resampling,32,96,,oblique_008_neg006,generic_tilt,"[0.08, -0.06, 1.0]",5,5,40.676548542594446,14.557178462343233,1.1341477379228062,5,1,True,1:+1:-1|2:-1:-1|3:+1:-1|4:-1:-1|5:+1:-1|1:-1:-1|2:+1:-1|3:-1:-1|4:+1:-1|5:-1:-1,"[[2, 7, 3, 8], [4, 9, 5, 10], [6, 1, 7, 2], [8, 3, 9, 4], [10, 5, 1, 6]]",5,5,5,True,True,passed,,passed,False,5,1,5,,True,67.08075848467556,1.9788330634620537,0.0204030211892956,0.23499431812097138,True,True,,passed,,0.004738899995572865,96,True,True,True,True
4_1_figure_eight,exact_polygon_subdivision,32,32,1,z_axis,axis_aligned_reference,"[0.0, 0.0, 1.0]",4,5,42.18019053943807,13.506011963383157,1.1984418228407392,4,1,True,1:+1:+1|2:-1:+1|3:+1:-1|4:-1:-1|2:+1:+1|1:-1:+1|4:+1:-1|3:-1:-1,"[[2, 8, 3, 7], [4, 1, 5, 2], [6, 4, 7, 3], [8, 5, 1, 6]]",5,5,5,True,True,passed,,passed,False,4,1,5,,True,12.483024240045063,1.5956471048601781,0.3097264307143952,0.19788398298908483,True,True,,passed,,0.0016462000057799742,256,True,True,True,True
4_1_figure_eight,exact_polygon_subdivision,32,32,1,tilt_x_005,generic_tilt,"[0.05, 0.0, 1.0]",4,5,42.18019053943807,13.506011963383157,1.1984418228407392,4,1,True,1:+1:+1|2:-1:+1|3:+1:-1|4:-1:-1|2:+1:+1|1:-1:+1|4:+1:-1|3:-1:-1,"[[2, 8, 3, 7], [4, 1, 5, 2], [6, 4, 7, 3], [8, 5, 1, 6]]",5,5,5,True,True,passed,,passed,False,4,1,5,,True,12.378656642366874,1.5822014848604389,0.28340340530895247,0.19562908232799747,True,True,,passed,,0.0014967000024626032,256,True,True,True,True
4_1_figure_eight,exact_polygon_subdivision,32,32,1,tilt_y_neg007,generic_tilt,"[0.0, -0.07, 1.0]",4,5,42.18019053943807,13.506011963383157,1.1984418228407392,4,1,True,1:+1:+1|2:-1:+1|3:+1:-1|4:-1:-1|2:+1:+1|1:-1:+1|4:+1:-1|3:-1:-1,"[[2, 8, 3, 7], [4, 1, 5, 2], [6, 4, 7, 3], [8, 5, 1, 6]]",5,5,5,True,True,passed,,passed,False,4,1,5,,True,50.600761084734444,1.5946217480175036,0.009424315123794713,0.19364941282014186,True,True,,passed,,0.001517900003818795,256,True,True,True,True
4_1_figure_eight,exact_polygon_subdivision,32,32,1,oblique_008_neg006,generic_tilt,"[0.08, -0.06, 1.0]",4,5,42.18019053943807,13.506011963383157,1.1984418228407392,4,1,True,1:+1:+1|2:-1:+1|3:+1:-1|4:-1:-1|2:+1:+1|1:-1:+1|4:+1:-1|3:-1:-1,"[[2, 8, 3, 7], [4, 1, 5, 2], [6, 4, 7, 3], [8, 5, 1, 6]]",5,5,5,True,True,passed,,passed,False,4,1,5,,True,12.693619534378014,1.5758724164147786,0.005967596739470338,0.19193501970368818,True,True,,passed,,0.0015810000040801242,256,True,True,True,True
4_1_figure_eight,exact_polygon_subdivision,32,64,2,z_axis,axis_aligned_reference,"[0.0, 0.0, 1.0]",4,5,42.18019053943807,14.100071253028297,1.0971306199719328,4,1,True,1:+1:+1|2:-1:+1|3:+1:-1|4:-1:-1|2:+1:+1|1:-1:+1|4:+1:-1|3:-1:-1,"[[2, 8, 3, 7], [4, 1, 5, 2], [6, 4, 7, 3], [8, 5, 1, 6]]",5,5,5,True,True,passed,,passed,False,4,1,5,,True,12.483024240045063,1.595647104860178,0.22121172084806062,0.1978839829890848,True,True,,passed,,0.003204399996320717,256,True,True,True,True
4_1_figure_eight,exact_polygon_subdivision,32,64,2,tilt_x_005,generic_tilt,"[0.05, 0.0, 1.0]",4,5,42.18019053943807,14.100071253028297,1.0971306199719328,4,1,True,1:+1:+1|2:-1:+1|3:+1:-1|4:-1:-1|2:+1:+1|1:-1:+1|4:+1:-1|3:-1:-1,"[[2, 8, 3, 7], [4, 1, 5, 2], [6, 4, 7, 3], [8, 5, 1, 6]]",5,5,5,True,True,passed,,passed,False,4,1,5,,True,12.378656642366844,1.5822014848604389,0.011605833754174455,0.19562908232799747,True,True,,passed,,0.0030645999941043556,256,True,True,True,True
4_1_figure_eight,exact_polygon_subdivision,32,64,2,tilt_y_neg007,generic_tilt,"[0.0, -0.07, 1.0]",4,5,42.18019053943807,14.100071253028297,1.0971306199719328,4,1,True,1:+1:+1|2:-1:+1|3:+1:-1|4:-1:-1|2:+1:+1|1:-1:+1|4:+1:-1|3:-1:-1,"[[2, 8, 3, 7], [4, 1, 5, 2], [6, 4, 7, 3], [8, 5, 1, 6]]",5,5,5,True,True,passed,,passed,False,4,1,5,,True,50.600761084734444,1.5946217480175036,0.018848630247589426,0.19364941282014186,True,True,,passed,,0.003042900003492832,256,True,True,True,True
4_1_figure_eight,exact_polygon_subdivision,32,64,2,oblique_008_neg006,generic_tilt,"[0.08, -0.06, 1.0]",4,5,42.18019053943807,14.100071253028297,1.0971306199719328,4,1,True,1:+1:+1|2:-1:+1|3:+1:-1|4:-1:-1|2:+1:+1|1:-1:+1|4:+1:-1|3:-1:-1,"[[2, 8, 3, 7], [4, 1, 5, 2], [6, 4, 7, 3], [8, 5, 1, 6]]",5,5,5,True,True,passed,,passed,False,4,1,5,,True,12.693619534378014,1.5758724164147786,0.011935193478940676,0.19193501970368818,True,True,,passed,,0.0027646000089589506,256,True,True,True,True
4_1_figure_eight,exact_polygon_subdivision,32,128,4,z_axis,axis_aligned_reference,"[0.0, 0.0, 1.0]",4,5,42.18019053943807,14.772253250270296,1.0859040686288997,4,1,True,1:+1:+1|2:-1:+1|3:+1:-1|4:-1:-1|2:+1:+1|1:-1:+1|4:+1:-1|3:-1:-1,"[[2, 8, 3, 7], [4, 1, 5, 2], [6, 4, 7, 3], [8, 5, 1, 6]]",5,5,5,True,True,passed,,passed,False,4,1,5,,True,12.483024240045063,1.5956471048601784,0.23890572285758083,0.19788398298908486,True,True,,passed,,0.005084299991722219,256,True,True,True,True
4_1_figure_eight,exact_polygon_subdivision,32,128,4,tilt_x_005,generic_tilt,"[0.05, 0.0, 1.0]",4,5,42.18019053943807,14.772253250270296,1.0859040686288997,4,1,True,1:+1:+1|2:-1:+1|3:+1:-1|4:-1:-1|2:+1:+1|1:-1:+1|4:+1:-1|3:-1:-1,"[[2, 8, 3, 7], [4, 1, 5, 2], [6, 4, 7, 3], [8, 5, 1, 6]]",5,5,5,True,True,passed,,passed,False,4,1,5,,True,12.378656642366874,1.5822014848604389,0.02321166750834891,0.19562908232799747,True,True,,passed,,0.005279400007566437,256,True,True,True,True
4_1_figure_eight,exact_polygon_subdivision,32,128,4,tilt_y_neg007,generic_tilt,"[0.0, -0.07, 1.0]",4,5,42.18019053943807,14.772253250270296,1.0859040686288997,4,1,True,1:+1:+1|2:-1:+1|3:+1:-1|4:-1:-1|2:+1:+1|1:-1:+1|4:+1:-1|3:-1:-1,"[[2, 8, 3, 7], [4, 1, 5, 2], [6, 4, 7, 3], [8, 5, 1, 6]]",5,5,5,True,True,passed,,passed,False,4,1,5,,True,50.600761084734394,1.5946217480175036,0.03769726049517885,0.19364941282014186,True,True,,passed,,0.005393700004788116,256,True,True,True,True
4_1_figure_eight,exact_polygon_subdivision,32,128,4,oblique_008_neg006,generic_tilt,"[0.08, -0.06, 1.0]",4,5,42.18019053943807,14.772253250270296,1.0859040686288997,4,1,True,1:+1:+1|2:-1:+1|3:+1:-1|4:-1:-1|2:+1:+1|1:-1:+1|4:+1:-1|3:-1:-1,"[[2, 8, 3, 7], [4, 1, 5, 2], [6, 4, 7, 3], [8, 5, 1, 6]]",5,5,5,True,True,passed,,passed,False,4,1,5,,True,12.693619534378131,1.5758724164147786,0.02387038695788135,0.19193501970368818,True,True,,passed,,0.0051414000045042485,256,True,True,True,True
4_1_figure_eight,exact_polygon_subdivision,32,256,8,z_axis,axis_aligned_reference,"[0.0, 0.0, 1.0]",4,5,42.18019053943807,14.809651474982955,1.066641315533542,4,1,True,1:+1:+1|2:-1:+1|3:+1:-1|4:-1:-1|2:+1:+1|1:-1:+1|4:+1:-1|3:-1:-1,"[[2, 8, 3, 7], [4, 1, 5, 2], [6, 4, 7, 3], [8, 5, 1, 6]]",5,5,5,True,True,passed,,passed,False,4,1,5,,True,12.483024240045063,1.595647104860178,0.11515311660771488,0.1978839829890848,True,True,,passed,,0.010235299996566027,256,True,True,True,True
4_1_figure_eight,exact_polygon_subdivision,32,256,8,tilt_x_005,generic_tilt,"[0.05, 0.0, 1.0]",4,5,42.18019053943807,14.809651474982955,1.066641315533542,4,1,True,1:+1:+1|2:-1:+1|3:+1:-1|4:-1:-1|2:+1:+1|1:-1:+1|4:+1:-1|3:-1:-1,"[[2, 8, 3, 7], [4, 1, 5, 2], [6, 4, 7, 3], [8, 5, 1, 6]]",5,5,5,True,True,passed,,passed,False,4,1,5,,True,12.378656642367083,1.5822014848604389,0.04642333501669782,0.19562908232799747,True,True,,passed,,0.010073899989947677,256,True,True,True,True
4_1_figure_eight,exact_polygon_subdivision,32,256,8,tilt_y_neg007,generic_tilt,"[0.0, -0.07, 1.0]",4,5,42.18019053943807,14.809651474982955,1.066641315533542,4,1,True,1:+1:+1|2:-1:+1|3:+1:-1|4:-1:-1|2:+1:+1|1:-1:+1|4:+1:-1|3:-1:-1,"[[2, 8, 3, 7], [4, 1, 5, 2], [6, 4, 7, 3], [8, 5, 1, 6]]",5,5,5,True,True,passed,,passed,False,4,1,5,,True,50.600761084734394,1.594621748017504,0.0033158004813031994,0.19364941282014192,True,True,,passed,,0.009918299998389557,256,True,True,True,True
4_1_figure_eight,exact_polygon_subdivision,32,256,8,oblique_008_neg006,generic_tilt,"[0.08, -0.06, 1.0]",4,5,42.18019053943807,14.809651474982955,1.066641315533542,4,1,True,1:+1:+1|2:-1:+1|3:+1:-1|4:-1:-1|2:+1:+1|1:-1:+1|4:+1:-1|3:-1:-1,"[[2, 8, 3, 7], [4, 1, 5, 2], [6, 4, 7, 3], [8, 5, 1, 6]]",5,5,5,True,True,passed,,passed,False,4,1,5,,True,12.693619534378072,1.5758724164147786,0.01640973911389665,0.19193501970368818,True,True,,passed,,0.009791000004042871,256,True,True,True,True
4_1_figure_eight,smooth_parametric_resampling,32,16,,z_axis,axis_aligned_reference,"[0.0, 0.0, 1.0]",4,5,39.993360044393086,10.98838733736704,1.376104118486777,4,1,True,1:+1:+1|2:-1:+1|3:+1:-1|4:-1:-1|2:+1:+1|1:-1:+1|4:+1:-1|3:-1:-1,"[[2, 8, 3, 7], [4, 1, 5, 2], [6, 4, 7, 3], [8, 5, 1, 6]]",5,5,5,True,True,passed,,passed,False,4,1,5,,True,13.132419581040507,1.154375957136689,0.25917935158039107,0.1431597949003028,True,True,,passed,,0.0011063999991165474,96,True,True,True,True
4_1_figure_eight,smooth_parametric_resampling,32,16,,tilt_x_005,generic_tilt,"[0.05, 0.0, 1.0]",4,5,39.993360044393086,10.98838733736704,1.376104118486777,4,1,True,1:+1:+1|2:-1:+1|3:+1:-1|4:-1:-1|2:+1:+1|1:-1:+1|4:+1:-1|3:-1:-1,"[[2, 8, 3, 7], [4, 1, 5, 2], [6, 4, 7, 3], [8, 5, 1, 6]]",5,5,5,True,True,passed,,passed,False,4,1,5,,True,13.10740209985543,1.1327033160047018,0.09060872215230376,0.14005151201044747,True,True,,passed,,0.0012980000028619543,96,True,True,True,True
4_1_figure_eight,smooth_parametric_resampling,32,16,,tilt_y_neg007,generic_tilt,"[0.0, -0.07, 1.0]",4,5,39.993360044393086,10.98838733736704,1.376104118486777,4,1,True,1:+1:+1|2:-1:+1|3:+1:-1|4:-1:-1|2:+1:+1|1:-1:+1|4:+1:-1|3:-1:-1,"[[2, 8, 3, 7], [4, 1, 5, 2], [6, 4, 7, 3], [8, 5, 1, 6]]",5,5,5,True,True,passed,,passed,False,4,1,5,,True,12.702504068938229,1.157200722123124,0.23098036172758007,0.14052940180502752,True,True,,passed,,0.0012499000004027039,96,True,True,True,True
4_1_figure_eight,smooth_parametric_resampling,32,16,,oblique_008_neg006,generic_tilt,"[0.08, -0.06, 1.0]",4,5,39.993360044393086,10.98838733736704,1.376104118486777,4,1,True,1:+1:+1|2:-1:+1|3:+1:-1|4:-1:-1|2:+1:+1|1:-1:+1|4:+1:-1|3:-1:-1,"[[2, 8, 3, 7], [4, 1, 5, 2], [6, 4, 7, 3], [8, 5, 1, 6]]",5,5,5,True,True,passed,,passed,False,4,1,5,,True,12.702192641750798,1.1234520040193348,0.013937754254470747,0.13683200510493865,True,True,,passed,,0.0010883999930229038,96,True,True,True,True
4_1_figure_eight,smooth_parametric_resampling,32,24,,z_axis,axis_aligned_reference,"[0.0, 0.0, 1.0]",4,5,41.57217602956559,12.79357272221119,1.224744871391588,4,1,True,1:+1:+1|2:-1:+1|3:+1:-1|4:-1:-1|2:+1:+1|1:-1:+1|4:+1:-1|3:-1:-1,"[[2, 8, 3, 7], [4, 1, 5, 2], [6, 4, 7, 3], [8, 5, 1, 6]]",5,5,5,True,True,passed,,passed,False,4,1,5,,True,24.367257268844185,1.7320508075688736,0.0,0.2165063509461092,True,True,,passed,,0.0013571999879786745,96,True,True,True,True
4_1_figure_eight,smooth_parametric_resampling,32,24,,tilt_x_005,generic_tilt,"[0.05, 0.0, 1.0]",4,5,41.57217602956559,12.79357272221119,1.224744871391588,6,1,False,1:+1:+1|2:+1:-1|3:-1:+1|4:+1:+1|5:-1:-1|1:-1:+1|2:-1:-1|6:+1:-1|4:-1:+1|3:+1:+1|6:-1:-1|5:+1:-1,"[[4, 12, 5, 11], [6, 1, 7, 2], [7, 3, 8, 2], [8, 3, 9, 4], [10, 6, 11, 5], [12, 9, 1, 10]]",5,,,False,,not_applicable,,passed,True,4,1,5,,True,25.250197809196866,1.671050235725375,0.021366608784667562,0.2078382261169455,False,True,,passed,,0.0017442000098526478,96,False,False,True,False
4_1_figure_eight,smooth_parametric_resampling,32,24,,tilt_y_neg007,generic_tilt,"[0.0, -0.07, 1.0]",4,5,41.57217602956559,12.79357272221119,1.224744871391588,6,1,False,1:+1:+1|2:+1:-1|3:+1:+1|4:-1:+1|5:+1:-1|6:-1:-1|4:+1:+1|1:-1:+1|2:-1:-1|3:-1:+1|6:+1:-1|5:-1:-1,"[[2, 10, 3, 9], [3, 10, 4, 11], [4, 12, 5, 11], [6, 1, 7, 2], [8, 6, 9, 5], [12, 7, 1, 8]]",5,,,False,,not_applicable,,passed,True,4,1,5,,True,6.674176368612637,1.6073049921326519,0.010824481782968576,0.19722937113200856,False,True,,passed,,0.0017975999944610521,96,False,False,True,False
4_1_figure_eight,smooth_parametric_resampling,32,24,,oblique_008_neg006,generic_tilt,"[0.08, -0.06, 1.0]",4,5,41.57217602956559,12.79357272221119,1.224744871391588,4,1,True,1:+1:+1|2:-1:+1|3:+1:-1|4:-1:-1|2:+1:+1|1:-1:+1|4:+1:-1|3:-1:-1,"[[2, 8, 3, 7], [4, 1, 5, 2], [6, 4, 7, 3], [8, 5, 1, 6]]",5,5,5,True,True,passed,,passed,False,4,1,5,,True,27.002634195324077,1.5824846149108853,0.0010807317128360694,0.19425303370856797,True,True,,passed,,0.0015268999995896593,96,True,True,True,True
4_1_figure_eight,smooth_parametric_resampling,32,32,,z_axis,axis_aligned_reference,"[0.0, 0.0, 1.0]",4,5,42.18019053943807,13.506011963383157,1.1984418228407392,4,1,True,1:+1:+1|2:-1:+1|3:+1:-1|4:-1:-1|2:+1:+1|1:-1:+1|4:+1:-1|3:-1:-1,"[[2, 8, 3, 7], [4, 1, 5, 2], [6, 4, 7, 3], [8, 5, 1, 6]]",5,5,5,True,True,passed,,passed,False,4,1,5,,True,12.483024240045063,1.5956471048601781,0.3097264307143952,0.19788398298908483,True,True,,passed,,0.0015749999874969944,96,True,True,True,True
4_1_figure_eight,smooth_parametric_resampling,32,32,,tilt_x_005,generic_tilt,"[0.05, 0.0, 1.0]",4,5,42.18019053943807,13.506011963383157,1.1984418228407392,4,1,True,1:+1:+1|2:-1:+1|3:+1:-1|4:-1:-1|2:+1:+1|1:-1:+1|4:+1:-1|3:-1:-1,"[[2, 8, 3, 7], [4, 1, 5, 2], [6, 4, 7, 3], [8, 5, 1, 6]]",5,5,5,True,True,passed,,passed,False,4,1,5,,True,12.378656642366874,1.5822014848604389,0.28340340530895247,0.19562908232799747,True,True,,passed,,0.0014707999944221228,96,True,True,True,True
4_1_figure_eight,smooth_parametric_resampling,32,32,,tilt_y_neg007,generic_tilt,"[0.0, -0.07, 1.0]",4,5,42.18019053943807,13.506011963383157,1.1984418228407392,4,1,True,1:+1:+1|2:-1:+1|3:+1:-1|4:-1:-1|2:+1:+1|1:-1:+1|4:+1:-1|3:-1:-1,"[[2, 8, 3, 7], [4, 1, 5, 2], [6, 4, 7, 3], [8, 5, 1, 6]]",5,5,5,True,True,passed,,passed,False,4,1,5,,True,50.600761084734444,1.5946217480175036,0.009424315123794713,0.19364941282014186,True,True,,passed,,0.0015294000040739775,96,True,True,True,True
4_1_figure_eight,smooth_parametric_resampling,32,32,,oblique_008_neg006,generic_tilt,"[0.08, -0.06, 1.0]",4,5,42.18019053943807,13.506011963383157,1.1984418228407392,4,1,True,1:+1:+1|2:-1:+1|3:+1:-1|4:-1:-1|2:+1:+1|1:-1:+1|4:+1:-1|3:-1:-1,"[[2, 8, 3, 7], [4, 1, 5, 2], [6, 4, 7, 3], [8, 5, 1, 6]]",5,5,5,True,True,passed,,passed,False,4,1,5,,True,12.693619534378014,1.5758724164147786,0.005967596739470338,0.19193501970368818,True,True,,passed,,0.0015739999944344163,96,True,True,True,True
4_1_figure_eight,smooth_parametric_resampling,32,48,,z_axis,axis_aligned_reference,"[0.0, 0.0, 1.0]",4,5,42.61516224291375,13.612545052135118,1.2238748056789719,4,1,True,1:+1:+1|2:-1:+1|3:+1:-1|4:-1:-1|2:+1:+1|1:-1:+1|4:+1:-1|3:-1:-1,"[[2, 8, 3, 7], [4, 1, 5, 2], [6, 4, 7, 3], [8, 5, 1, 6]]",5,5,5,True,True,passed,,passed,False,4,1,5,,True,25.601792077640532,1.7320508075688754,0.0,0.21480007170584484,True,True,,passed,,0.0023644000029889867,96,True,True,True,True
4_1_figure_eight,smooth_parametric_resampling,32,48,,tilt_x_005,generic_tilt,"[0.05, 0.0, 1.0]",4,5,42.61516224291375,13.612545052135118,1.2238748056789719,4,1,True,1:+1:+1|2:-1:+1|3:+1:-1|4:-1:-1|2:+1:+1|1:-1:+1|4:+1:-1|3:-1:-1,"[[2, 8, 3, 7], [4, 1, 5, 2], [6, 4, 7, 3], [8, 5, 1, 6]]",5,5,5,True,True,passed,,passed,False,4,1,5,,True,0.1159922196334641,1.6982591226697448,0.042070040598019,0.20997886609386993,True,True,,passed,,0.0023016999912215397,96,True,True,True,True
4_1_figure_eight,smooth_parametric_resampling,32,48,,tilt_y_neg007,generic_tilt,"[0.0, -0.07, 1.0]",4,5,42.61516224291375,13.612545052135118,1.2238748056789719,4,1,True,1:+1:+1|2:-1:+1|3:+1:-1|4:-1:-1|2:+1:+1|1:-1:+1|4:+1:-1|3:-1:-1,"[[2, 8, 3, 7], [4, 1, 5, 2], [6, 4, 7, 3], [8, 5, 1, 6]]",5,5,5,True,True,passed,,passed,False,4,1,5,,True,17.889205427624645,1.664726335128658,0.08761095720780876,0.20216285003304293,True,True,,passed,,0.002333800002816133,96,True,True,True,True
4_1_figure_eight,smooth_parametric_resampling,32,48,,oblique_008_neg006,generic_tilt,"[0.08, -0.06, 1.0]",4,5,42.61516224291375,13.612545052135118,1.2238748056789719,4,1,True,1:+1:+1|2:-1:+1|3:+1:-1|4:-1:-1|2:+1:+1|1:-1:+1|4:+1:-1|3:-1:-1,"[[2, 8, 3, 7], [4, 1, 5, 2], [6, 4, 7, 3], [8, 5, 1, 6]]",5,5,5,True,True,passed,,passed,False,4,1,5,,True,25.65880727429909,1.6452386406532513,0.07255692079189302,0.20038355111860537,True,True,,passed,,0.002218399997218512,96,True,True,True,True
4_1_figure_eight,smooth_parametric_resampling,32,64,,z_axis,axis_aligned_reference,"[0.0, 0.0, 1.0]",4,5,42.768504749731264,13.707994222828175,1.1747736568955915,4,1,True,1:+1:+1|2:-1:+1|3:+1:-1|4:-1:-1|2:+1:+1|1:-1:+1|4:+1:-1|3:-1:-1,"[[2, 8, 3, 7], [4, 1, 5, 2], [6, 4, 7, 3], [8, 5, 1, 6]]",5,5,5,True,True,passed,,passed,False,4,1,5,,True,32.18443705267717,1.6959424830381917,0.30973168501971315,0.20895758227499733,True,True,,passed,,0.0028925999940838665,96,True,True,True,True
4_1_figure_eight,smooth_parametric_resampling,32,64,,tilt_x_005,generic_tilt,"[0.05, 0.0, 1.0]",4,5,42.768504749731264,13.707994222828175,1.1747736568955915,4,1,True,1:+1:+1|2:-1:+1|3:+1:-1|4:-1:-1|2:+1:+1|1:-1:+1|4:+1:-1|3:-1:-1,"[[2, 8, 3, 7], [4, 1, 5, 2], [6, 4, 7, 3], [8, 5, 1, 6]]",5,5,5,True,True,passed,,passed,False,4,1,5,,True,31.766041684106412,1.6727161276319533,0.021783141036500808,0.2054867799183533,True,True,,passed,,0.002717000010306947,96,True,True,True,True
4_1_figure_eight,smooth_parametric_resampling,32,64,,tilt_y_neg007,generic_tilt,"[0.0, -0.07, 1.0]",4,5,42.768504749731264,13.707994222828175,1.1747736568955915,4,1,True,1:+1:+1|2:-1:+1|3:+1:-1|4:-1:-1|2:+1:+1|1:-1:+1|4:+1:-1|3:-1:-1,"[[2, 8, 3, 7], [4, 1, 5, 2], [6, 4, 7, 3], [8, 5, 1, 6]]",5,5,5,True,True,passed,,passed,False,4,1,5,,True,32.09733666442031,1.6624809283893516,0.06253666832479254,0.2007673203426683,True,True,,passed,,0.002928699992480688,96,True,True,True,True
4_1_figure_eight,smooth_parametric_resampling,32,64,,oblique_008_neg006,generic_tilt,"[0.08, -0.06, 1.0]",4,5,42.768504749731264,13.707994222828175,1.1747736568955915,4,1,True,1:+1:+1|2:-1:+1|3:+1:-1|4:-1:-1|2:+1:+1|1:-1:+1|4:+1:-1|3:-1:-1,"[[2, 8, 3, 7], [4, 1, 5, 2], [6, 4, 7, 3], [8, 5, 1, 6]]",5,5,5,True,True,passed,,passed,False,4,1,5,,True,31.498116343363822,1.6640590403884463,0.0003116288651767718,0.2015208447697608,True,True,,passed,,0.0027781999961007386,96,True,True,True,True
4_1_figure_eight,smooth_parametric_resampling,32,96,,z_axis,axis_aligned_reference,"[0.0, 0.0, 1.0]",4,5,42.87834917224521,14.029836183611144,1.1457457513207543,4,1,True,1:+1:+1|2:-1:+1|3:+1:-1|4:-1:-1|2:+1:+1|1:-1:+1|4:+1:-1|3:-1:-1,"[[2, 8, 3, 7], [4, 1, 5, 2], [6, 4, 7, 3], [8, 5, 1, 6]]",5,5,5,True,True,passed,,passed,False,4,1,5,,True,25.90658257180975,1.7320508075688759,0.0,0.21290020954143474,True,True,,passed,,0.0038632999930996448,96,True,True,True,True
4_1_figure_eight,smooth_parametric_resampling,32,96,,tilt_x_005,generic_tilt,"[0.05, 0.0, 1.0]",4,5,42.87834917224521,14.029836183611144,1.1457457513207543,4,1,True,1:+1:+1|2:-1:+1|3:+1:-1|4:-1:-1|2:+1:+1|1:-1:+1|4:+1:-1|3:-1:-1,"[[2, 8, 3, 7], [4, 1, 5, 2], [6, 4, 7, 3], [8, 5, 1, 6]]",5,5,5,True,True,passed,,passed,False,4,1,5,,True,13.289556420949,1.705068149991466,0.08592389862697836,0.2089670945183522,True,True,,passed,,0.0038991000037640333,96,True,True,True,True
4_1_figure_eight,smooth_parametric_resampling,32,96,,tilt_y_neg007,generic_tilt,"[0.0, -0.07, 1.0]",4,5,42.87834917224521,14.029836183611144,1.1457457513207543,4,1,True,1:+1:+1|2:-1:+1|3:+1:-1|4:-1:-1|2:+1:+1|1:-1:+1|4:+1:-1|3:-1:-1,"[[2, 8, 3, 7], [4, 1, 5, 2], [6, 4, 7, 3], [8, 5, 1, 6]]",5,5,5,True,True,passed,,passed,False,4,1,5,,True,26.28007522490035,1.6771580328530336,0.1855879808748888,0.2019785981352737,True,True,,passed,,0.004281999994418584,96,True,True,True,True
4_1_figure_eight,smooth_parametric_resampling,32,96,,oblique_008_neg006,generic_tilt,"[0.08, -0.06, 1.0]",4,5,42.87834917224521,14.029836183611144,1.1457457513207543,4,1,True,1:+1:+1|2:-1:+1|3:+1:-1|4:-1:-1|2:+1:+1|1:-1:+1|4:+1:-1|3:-1:-1,"[[2, 8, 3, 7], [4, 1, 5, 2], [6, 4, 7, 3], [8, 5, 1, 6]]",5,5,5,True,True,passed,,passed,False,4,1,5,,True,25.751605250364168,1.671516388225324,0.1929589681895152,0.20187467173966725,True,True,,passed,,0.004390300004160963,96,True,True,True,True
