knot_name,crossing_count,fox_determinant,log_fox_determinant,maximum_tait_spectral_radius,jsj_hyperbolic_volume_numeric,length_cutoff,length_spectrum_retry_count,length_spectrum_elapsed_seconds,length_spectrum_status,length_spectrum_record_count,length_spectrum_multiplicity_count,systole_numeric,second_to_first_length_ratio,mean_short_length,short_length_standard_deviation,short_length_cv,finite_counting_entropy_proxy,twist_angle_entropy_8bin,twist_angle_resultant,twist_angle_max_sector_fraction,short_spectrum_fingerprint,geodesic_count_le_1_5,geodesic_count_le_2_0,geodesic_count_le_2_5,compressed_invariant_baseline_loocv_prediction,compressed_invariant_baseline_absolute_error,systole_augmented_loocv_prediction,systole_augmented_absolute_error,compact_geometry_augmented_loocv_prediction,compact_geometry_augmented_absolute_error,full_local_angular_augmented_loocv_prediction,full_local_angular_augmented_absolute_error,systole_absolute_error_reduction,full_stack_absolute_error_reduction
4_1,4,5,1.6094379124341003,5.0,2.029883212819307,3.0,0,0.007340599986491725,numerical_unverified,16,37,1.0870701449957387,1.0000000000000004,2.4140396142111706,0.5273576417044455,0.21845442742528018,1.734601055388107,0.813614528202918,0.7282938823308996,0.2702702702702703,1.00000000:1.72276845:1|1.00000000:1.72276845:1|1.52969512:2.39212379:2|1.52969512:2.39212379:2|1.58693463:0.92183893:1,2,8,16,1.9457158003302677,0.08416741248903925,2.180116685808393,0.15023347298908618,2.1474869994998205,0.11760378668051352,2.0235097031159572,0.006373509703349711,-0.06606606050004693,0.07779390278568954
5_2,5,7,1.9459101490553132,7.0,2.828122088330783,3.0,0,0.008825099997920915,numerical_unverified,17,29,0.5623991486459231,2.2418313052389296,2.2422777359211485,0.5576663528821068,0.24870529816548895,1.5581446180465501,0.9064992692838629,0.6873987600856849,0.2413793103448276,1.00000000:2.81543089:1|2.24183131:1.97804689:2|2.82409625:1.67347167:1|3.00000000:2.81543089:2|3.20531535:1.37732294:1,3,7,18,2.6638438706606165,0.1642782176701667,2.479222665661193,0.3488994226695903,2.2561382895833626,0.5719837987474206,2.4912525836425266,0.3368695046882566,-0.18462120499942358,-0.1725912870180899
6_1,6,9,2.1972245773362196,8.999999999999998,3.1639632288831443,3.0,0,0.015512099998886697,numerical_unverified,19,33,0.3306355216310465,3.7403261728995645,2.3335945157955904,0.5854046165581733,0.25085961275435714,1.4469189829363263,0.874110658110015,0.6239508721612591,0.3333333333333333,1.00000000:2.74516418:1|3.74032617:2.19190670:2|5.46874027:1.70189421:1|5.52168838:2.97336108:2|5.64629567:0.61550563:2,3,9,16,3.0307134158737514,0.13324981300939287,2.9110674055840575,0.2528958232990868,2.8187391929708863,0.34522403591225803,2.7037412144763886,0.4602220144067557,-0.1196460102896939,-0.3269722013973628
6_2,6,11,2.3978952727983707,7.732050807568877,4.400832516123044,3.0,0,0.011191700003109872,numerical_unverified,20,35,0.6123703878995347,1.8008740294315293,2.3299097387286736,0.505184596331433,0.21682582287805252,1.8971199848858815,0.9255829444327284,0.7714276485306395,0.22857142857142856,1.00000000:3.10808726:1|1.80087403:2.46495848:1|2.62927577:1.53673115:2|3.11997591:2.82838999:2|3.42431751:0.96068368:2,2,6,19,4.452111669925687,0.051279153802642696,4.291811345768787,0.10902117035425718,4.315358549725431,0.08547396639761295,4.590602343059972,0.1897698269369279,-0.05774201655161448,-0.1384906731342852
6_3,6,13,2.5649493574615367,5.732050807568877,5.693021091281301,3.0,0,0.015966899998602457,numerical_unverified,26,50,1.2779273293770275,1.0000000000007052,2.5614713159705462,0.40286269919637707,0.15727784913481713,1.609437912434101,0.6709595631140105,0.7451997871485642,0.48,1.00000000:2.14394682:1|1.00000000:2.14394682:1|1.50223886:2.26762854:1|1.50223886:2.26762854:1|1.59639139:2.93850952:2,2,4,14,6.0637411899194955,0.3707200986381949,6.160821712766139,0.46780062148483825,6.48902085297821,0.7959997616969092,6.286849811463573,0.5938287201822723,-0.09708052284664337,-0.2231086215440774
7_2,7,11,2.3978952727983707,11.000000000000004,3.3317442316411157,3.0,0,0.023830699996324256,numerical_unverified,20,36,0.21710146498841373,5.288701990627795,2.398033754364022,0.611042803009201,0.25480992579741835,1.446918982936326,0.8917015048499829,0.6543528981198603,0.25,1.00000000:2.26144182:1|5.28870199:2.15675827:2|8.04040471:3.02049851:2|8.82813231:1.72836310:1|9.04662534:1.65679754:1,3,7,16,3.1480982168432634,0.18364601479785225,3.2406382315247795,0.09110600011633618,3.201204854987144,0.13053937665397175,3.355644739184892,0.02390050754377615,0.09254001468151607,0.1597455072540761
7_3,7,13,2.5649493574615367,9.162277660168373,4.592125697027062,3.0,0,0.013474999999743886,numerical_unverified,22,39,0.49585384687395245,2.0737274381729005,2.4098169321098237,0.5416088020551436,0.22475101524868057,1.8971199848858817,0.7861406203407285,0.6990170732895132,0.38461538461538464,1.00000000:2.86284148:1|2.07372744:2.66309156:1|3.54427115:1.79966115:2|3.71967677:0.97547982:2|3.82789807:2.50891699:2,2,8,19,4.684243731834479,0.09211803480741665,4.627267971080908,0.035142274053845846,4.658326204683055,0.06620050765599306,4.5599233767304845,0.03220232029657755,0.0569757607535708,0.0599157145108391
7_4,7,15,2.70805020110221,9.000000000000002,5.137941201873417,3.0,0,0.00903929999913089,numerical_unverified,12,36,0.6545044131847584,2.7690601902199723,2.3922306622061695,0.5321915122390344,0.22246663778995093,1.466337068793427,0.8348978069430468,0.7116126216694723,0.2777777777777778,1.00000000:3.04403773:2|2.76906019:1.39605733:4|3.34913581:1.16996476:2|3.35444844:1.29285726:4|3.82937036:2.30020182:4,2,6,12,5.369814203732037,0.23187300185862014,5.382395536643893,0.2444543347704755,5.2938674101271594,0.15592620825374226,5.094012456681879,0.043928745191538,-0.01258133291185537,0.18794425666708214
7_5,7,17,2.833213344056216,8.156325174658658,6.443537380850574,3.0,0,0.012661600005230866,numerical_unverified,26,48,0.8360672248427061,1.751507411212278,2.5377346256149544,0.4327971139889937,0.17054466988805675,1.6094379124341012,0.9374419010597675,0.6969580650014814,0.22916666666666666,1.00000000:2.84588361:1|1.75150741:2.01705292:1|1.89837078:2.70750017:1|2.06466226:2.12542122:2|2.46706885:1.17071558:1,2,5,14,6.245355089316444,0.19818229153413025,6.227721278444116,0.21581610240645865,6.536416304385673,0.09287892353509886,6.464990589132904,0.021453208282329328,-0.017633810872328404,0.17672908325180092
7_6,7,19,2.9444389791664403,6.903211925911554,7.084925953510834,3.0,0,0.019837800005916506,numerical_unverified,23,42,1.191390146328299,1.0057438773808758,2.509647846206304,0.4143849592034013,0.16511677518015294,1.734601055388107,0.9575564523033444,0.7236462418043811,0.16666666666666666,1.00000000:2.38315027:1|1.00574388:3.03425595:1|1.33945838:1.89553740:1|1.67878566:1.31654980:1|1.68087461:2.98045787:2,2,3,16,7.274994001826295,0.1900680483154611,7.3400401373001065,0.25511418378927253,7.469590591700625,0.3846646381897907,7.806645527919135,0.7217195744083007,-0.06504613547381144,-0.5316515260928396
7_7,7,21,3.044522437723423,7.000000000000003,7.643375172359954,3.0,1,0.04067719999875408,numerical_unverified,12,37,1.272605832951412,1.3897086349385528,2.5054926705962695,0.4249049832971243,0.1695893938480384,1.386294361119891,0.9200052616682924,0.6324904147183942,0.21621621621621623,1.00000000:2.24961803:2|1.38970863:2.64865069:1|1.62430733:3.08687343:4|1.69497950:2.25349950:2|1.72528875:0.95747414:2,2,3,11,7.650008161781895,0.00663298942194146,7.774923744271693,0.13154857191173974,7.7657261437260345,0.12235097136608086,7.787479581432537,0.14410440907258337,-0.12491558248979828,-0.1374714196506419
8_1,8,13,2.5649493574615367,13.0,3.4272052462740166,3.0,0,0.03490179999789689,numerical_unverified,21,38,0.15357869278839223,7.410432601651313,2.4457773537385465,0.6210381443580343,0.2539225998673726,1.3217558399823202,0.9201045657708372,0.6277415305807424,0.21052631578947367,1.00000000:1.91997403:1|7.41043260:2.20714834:2|11.59341508:3.05875849:2|12.60442935:3.11171600:2|12.87529453:1.74724553:1,3,8,14,3.04405623278961,0.38314901348440644,3.5086206192146028,0.0814153729405862,3.6048791808024303,0.17767393452841374,3.9048225693889353,0.4776173231149188,0.30173364054382024,-0.09446830963051234
8_2,8,17,2.833213344056216,11.605551275463993,4.935242678280654,3.0,0,0.0240810999966925,numerical_unverified,23,40,0.25907228371700153,4.546597103177174,2.4448154671151068,0.5511227995888504,0.2254251116298678,1.6739764335716714,0.8808663375976706,0.7538670704188238,0.275,1.00000000:2.14671859:1|4.54659710:2.62362022:1|6.02889207:1.77006878:2|7.65951875:1.09454281:2|8.06096888:2.63980651:2,2,6,15,4.894966903391629,0.04027577488902523,4.964250734146,0.029008055865345383,5.124173915049896,0.18893123676924173,5.15011710811083,0.2148744298301759,0.011267719023679845,-0.17459865494115068
8_3,8,17,2.833213344056216,9.140054944640262,5.238684100798439,3.0,0,0.010909900011029094,numerical_unverified,21,44,0.6002213431912253,1.0000000000000293,2.501357042303324,0.5367893948823373,0.2145992698379619,1.6094379124341012,0.9181472819044487,0.6650131189965958,0.18181818181818182,1.00000000:2.90065641:1|1.00000000:2.90065641:1|3.18604414:1.15413746:2|3.18604414:1.15413746:2|3.42652957:1.68192954:2,2,6,14,6.022601351901288,0.7839172511028494,5.966159123167448,0.727475022369009,6.016309761841585,0.777625661043146,6.075846422337275,0.8371623215388357,0.056442228733840416,-0.053245070435986364
8_4,8,19,2.9444389791664403,10.64575131106459,5.500486416347234,3.0,1,0.015212400001473725,numerical_unverified,19,34,0.4167752633516181,1.6493804803693155,2.315678268353813,0.5753955077329944,0.24847817401768682,1.8458266904983311,0.9075500843980737,0.6451883427134579,0.17647058823529413,1.00000000:2.48943700:1|1.64938048:2.98191084:1|3.95159978:3.03113533:2|4.61364385:1.35248140:2|4.68313350:3.12016636:2,2,10,18,5.8217935199335855,0.32130710358635195,5.8098650558361395,0.309378639488906,5.537348766415364,0.03686235006813021,5.390393485962784,0.11009293038444934,0.011928464097445968,0.2112141732019026
8_5,8,21,3.044522437723423,9.0,6.997189147792215,3.0,0,0.018609899998409674,numerical_unverified,23,43,0.8808877879601164,1.846515025871011,2.4391907435963947,0.5412608378692134,0.22190180874135615,1.8971199848858817,0.9188790459900698,0.6895132271455416,0.27906976744186046,1.00000000:2.75912768:2|1.84651503:3.13266448:1|1.86160240:2.21986464:2|1.95188631:2.87170624:2|2.19840226:0.34982832:1,2,8,19,6.9227767375381175,0.07441241025409706,7.037321217797748,0.04013207000553365,6.756370704424223,0.2408184433679912,6.88032478712536,0.11686436066685424,0.03428034024856341,-0.04245195041275718
8_6,8,23,3.1354942159291497,8.192582403567254,7.475237429505244,3.0,0,0.025258799985749647,numerical_unverified,23,43,0.9850994940538148,1.0006093943091263,2.521660473028617,0.4511136506777116,0.17889547601779462,1.791759469228055,0.8742495824998572,0.6174489548713086,0.3023255813953488,1.00000000:2.95019592:1|1.00060939:2.74170584:1|1.72445518:1.84926331:1|1.90873440:2.37244028:2|2.02351695:1.41994105:1,2,6,17,7.669206234916317,0.19396880541107286,7.694216853049138,0.2189794235438942,7.781535688309964,0.30629825880471984,7.811544664104604,0.33630723459936007,-0.02501061813282135,-0.1423384291882872
8_7,8,23,3.1354942159291497,9.605551275463991,7.022196589095252,3.0,4,0.03476979999686591,numerical_unverified,25,46,0.44936317455094904,3.1940545651874355,2.5427820764255715,0.4955809324613679,0.19489713139633805,1.8458266904983305,0.8647026266410083,0.6479032362336516,0.34782608695652173,1.00000000:2.63094977:1|3.19405457:2.12919558:1|3.71393229:2.53917684:2|4.18374586:2.64379873:1|4.72054227:0.70444847:2,2,5,18,7.054705269331327,0.03250868023607545,6.765498419446265,0.2566981696489865,6.940496911799386,0.08169967729586602,7.060894065542458,0.038697476447206114,-0.22418948941291106,-0.006188796211130665
8_8,8,25,3.2188758248682006,8.701562118716424,7.801341224440063,3.0,0,0.025478900002781302,numerical_unverified,26,50,0.7683712074581466,1.5378942144174892,2.5894116225972805,0.4268785684960652,0.16485543077461334,1.386294361119891,0.9406899949604574,0.7343729238281036,0.24,1.00000000:2.68150852:1|1.53789421:2.51637801:1|2.32121279:1.81016330:1|2.58760245:1.50750821:1|2.66045448:2.79010734:2,2,4,11,7.796584008099681,0.004757216340381731,7.648188384078448,0.15315284036161447,7.95640299987774,0.15506177543767752,7.683939966391171,0.11740125804889168,-0.14839562402123274,-0.11264404170850995
8_9,8,25,3.2188758248682006,7.6553404994292835,7.588180223641627,3.0,0,0.01816279999911785,numerical_unverified,22,38,0.7931455305083244,1.000000000000048,2.4765311619762937,0.5111391821250776,0.20639319624679545,1.466337068793427,0.8349334609941119,0.7139878474829764,0.2631578947368421,1.00000000:3.00026349:1|1.00000000:3.00026349:1|2.24248485:1.86472777:2|2.24248485:1.86472777:2|2.80355212:2.54446371:1,2,6,12,8.280898620436323,0.6927183967946959,7.989520190842553,0.4013399672009257,7.786958766209135,0.19877854256750727,7.424019235835363,0.1641609878062642,0.29137842959377025,0.5285574089884317
8_10,8,27,3.295836866004329,8.263542847409976,8.651148558017082,3.0,0,0.017406800005119294,numerical_unverified,29,39,0.8525485309924616,1.78993022715175,2.47043273425763,0.4544802806301988,0.1839678831679548,2.0794415416798357,0.9525097405262144,0.6804680946376107,0.1794871794871795,1.00000000:3.03036078:1|1.78993023:2.68387366:1|1.90094151:2.18636578:1|2.35244855:2.04722212:1|2.39506587:3.11999789:1,1,3,15,8.294987394518218,0.3561611634988644,8.103888922607535,0.5472596354095476,8.101005700472346,0.5501428575447367,8.249499706864189,0.4016488511528937,-0.1910984719106832,-0.04548768765402933
8_11,8,27,3.295836866004329,7.83631150922935,8.286316817806592,3.0,2,0.045616399991558865,numerical_unverified,24,43,0.9063412570236384,1.368711015727433,2.5438948990084023,0.4635891373724276,0.18223596326763827,1.0986122886681098,0.9597178063322463,0.5992786198153515,0.18604651162790697,1.00000000:2.82643469:1|1.36871102:2.35252502:1|1.62132358:3.01108375:1|2.00490634:2.20107695:2|2.27225802:3.04202195:2,3,5,11,8.507811143817847,0.22149432601125518,8.304739934810296,0.018423117003704803,8.286168730990076,0.0001480868165160132,8.05212022434548,0.2341965934611121,0.20307120900755038,-0.012702267449856919
8_12,8,29,3.367295829986474,7.360376248497786,8.935856927486691,3.0,0,0.01894880000327248,numerical_unverified,24,44,1.5090746352131417,1.0000000000022693,2.6064538906129013,0.42146449971059713,0.16170034744466197,2.397895272798371,0.8142873883851556,0.7338927243810102,0.36363636363636365,1.00000000:2.85200213:1|1.00000000:2.85200213:1|1.00713992:1.99296735:1|1.00713992:1.99296735:1|1.36432598:1.22332150:1,0,4,10,9.010380825675202,0.07452389818851124,9.356705548111837,0.4208486206251454,9.264973265969752,0.3291163384830611,9.204466589018168,0.26860966153147636,-0.34632472243663415,-0.19408576334296512
8_13,8,29,3.367295829986474,8.645751311064592,8.531232201460416,3.0,1,0.025624399990192614,numerical_unverified,22,39,0.7393107541114448,1.7319828467027878,2.5396116202393375,0.49780440124036346,0.19601595664200397,1.5404450409471493,0.9349198132600309,0.678001593604402,0.2564102564102564,1.00000000:3.09157938:1|1.73198285:2.29709351:1|2.34094634:2.84868793:1|2.40808841:1.68622315:2|2.83306916:3.13337931:2,2,5,13,8.448763174836083,0.08246902662433264,8.168663141331344,0.3625690601290721,8.03894319263292,0.4922890088274965,7.937849266926949,0.5933829345334667,-0.28010003350473944,-0.510913907909134
8_14,8,31,3.4339872044851463,7.102008990459396,9.217800316021926,3.0,0,0.08469219999096822,numerical_unverified,17,29,1.3453317737498598,1.012378728627296,2.4283121990409815,0.4342167324031417,0.17881421201714828,1.386294361119891,0.8389785453651595,0.787177169481248,0.2413793103448276,1.00000000:2.99637580:1|1.01237873:2.17578877:1|1.17144018:1.94190647:1|1.48140147:2.46332487:1|1.51131037:1.28546590:1,2,4,11,9.415982538286205,0.19818222226427906,9.471848745129297,0.254048429107371,9.21944187980456,0.0016415637826341367,8.869998759958882,0.3478015560630432,-0.05586620684309196,-0.14961933379876413
8_15,8,33,3.4965075614664802,7.353855785430827,9.930648293796184,3.0,1,0.029877099994337186,numerical_unverified,15,30,1.4580229569657133,1.0567223110169373,2.3967290265011276,0.37407256757918805,0.15607628707417087,1.945910149055313,0.7685290872327535,0.6952334054725864,0.4,1.00000000:2.25267553:2|1.05672231:2.37385436:1|1.50300660:2.68672058:2|1.54145488:1.09833717:2|1.56606850:2.03814789:2,2,3,20,9.529709549532633,0.40093874426355036,9.721914570331215,0.20873372346496843,9.638408588442875,0.29223970535330857,9.775422967393894,0.1552253264022898,0.19220502079858193,0.24571341786126055
8_16,8,35,3.5553480614894135,6.999999999999999,10.57902191689927,3.0,1,0.032351600006222725,numerical_unverified,24,40,1.3096031999038664,1.631259479409739,2.47849917270928,0.3421787595995206,0.13805885568462,2.0368819272610397,0.916527256715945,0.7062314040523376,0.225,1.00000000:2.94985393:2|1.63125948:2.51591695:1|1.68792601:2.14321005:2|1.75816252:1.13980200:2|1.75880667:2.68376530:1,2,2,22,9.902381682214795,0.6766402346844753,9.83644691067799,0.7425750062212799,9.958951010677097,0.620070906222173,10.42620738522354,0.15281453167573034,-0.0659347715368046,0.523825703008745
8_17,8,37,3.6109179126442243,6.379878123384214,10.98590760628482,3.0,0,0.02410260000033304,numerical_unverified,39,41,1.4632917889763046,1.000000000000006,2.53815222959274,0.3204596568364586,0.12625706728704686,1.7346010553881066,0.9343949287491129,0.6930254176040316,0.24390243902439024,1.00000000:2.62053115:1|1.00000000:2.62053115:1|1.43719257:2.15011336:1|1.43719257:2.15011336:1|1.59698425:2.34979942:1,2,2,16,10.402612149266986,0.5832954570178348,10.353647867703947,0.6322597385808741,10.496969911354576,0.48893769493024486,10.657268990758952,0.32863861552586826,-0.048964281563039336,0.25465684149196655
8_18,8,45,3.8066624897703196,5.0,12.350906209158202,3.0,0,0.018970599994645454,numerical_unverified,9,33,2.1859042575478393,1.0000000000003784,2.5561735382151,0.2559860758133735,0.10014424763669254,2.8903717578961654,0.5501515751396865,0.9058895903408636,0.48484848484848486,1.00000000:2.20349137:4|1.00000000:2.20349137:4|1.03241847:0.00000000:1|1.13546402:1.68127361:4|1.13546402:1.68127361:4,0,0,17,11.78783460715044,0.5630716020077617,12.203084859898798,0.14782134925940404,12.191152464115628,0.15975374504257367,12.000511510212249,0.3503946989459532,0.4152502527483577,0.21267690306180853
8_20,8,9,2.1972245773362196,6.379878123384214,4.124903251807674,3.0,0,0.009551000010105781,numerical_unverified,35,39,0.6847775846586461,1.1038146431423483,2.4015699847709007,0.5980850904665905,0.24903920945849314,1.163150809805681,0.9581082194326553,0.6488578261409434,0.1794871794871795,1.00000000:2.62382491:1|1.10381464:1.89134139:1|1.44162693:1.94108783:1|2.02262502:0.68299471:1|2.31885029:3.02500778:1,4,7,15,4.774189855805689,0.6492866039980152,4.388334738106904,0.26343148629922997,4.201053242026302,0.076149990218628,4.646778567989047,0.5218753161813732,0.3858551176987852,0.12741128781664202
8_21,8,15,2.70805020110221,6.379878123384211,6.783713519835127,3.0,0,0.01310620000003837,numerical_unverified,20,40,1.341288685968916,1.0320892930344658,2.4889714652332833,0.48061722239963156,0.19309872737114117,1.0986122886681104,0.9299409273362519,0.6280072352398932,0.225,1.00000000:2.94489969:1|1.03208929:0.78539816:1|1.11487976:2.13927464:2|1.41357227:1.99493346:2|1.46906028:3.02612151:2,4,8,14,6.5763512693741655,0.20736225046096113,6.895319136529962,0.1116056166948356,6.860218161053441,0.0765046412183148,6.667651367981222,0.1160621518539049,0.09575663376612553,0.09130009860705623
