knot_name,record_index,real_length,twist_angle,multiplicity,length_cutoff,status
4_1,0,1.0870701449957392,-1.7227684498700906,1,3.0,numerical_unverified
4_1,1,1.0870701449957387,1.7227684498700901,1,3.0,numerical_unverified
4_1,2,1.662885891058623,-2.3921237881723143,2,3.0,numerical_unverified
4_1,3,1.66288589105862,2.3921237881723107,2,3.0,numerical_unverified
4_1,4,1.7251092553241216,-0.9218389314813377,1,3.0,numerical_unverified
4_1,5,1.7251092553241216,0.9218389314813374,1,3.0,numerical_unverified
4_1,6,2.17414028999148,-2.8376484074394086,2,3.0,numerical_unverified
4_1,7,2.174140289991486,2.8376484074394006,2,3.0,numerical_unverified
4_1,8,2.4161132869099613,-1.208685793183501,2,3.0,numerical_unverified
4_1,9,2.416113286909963,1.2086857931835007,2,3.0,numerical_unverified
4_1,10,2.6339157938496336,-3.204937810639273e-16,1,3.0,numerical_unverified
4_1,11,2.633915793849628,3.1415926535897896,6,3.0,numerical_unverified
4_1,12,2.8394698923783896,-2.192690439615661,4,3.0,numerical_unverified
4_1,13,2.8394698923783914,2.1926904396156064,4,3.0,numerical_unverified
4_1,14,2.92156322622647,-1.381744090546208,3,3.0,numerical_unverified
4_1,15,2.92156322622647,1.381744090546207,3,3.0,numerical_unverified
5_2,0,0.5623991486459231,-2.815430885205906,1,3.0,numerical_unverified
5_2,1,1.2608040174741526,1.9780468902271842,2,3.0,numerical_unverified
5_2,2,1.5882693259837328,1.6734716736926436,1,3.0,numerical_unverified
5_2,3,1.687197445937777,2.8154308852059042,2,3.0,numerical_unverified
5_2,4,1.8026666252258376,-1.377322937501703,1,3.0,numerical_unverified
5_2,5,2.025342553250185,-0.3068176868702625,2,3.0,numerical_unverified
5_2,6,2.1791501442612855,-2.8808902750141576,2,3.0,numerical_unverified
5_2,7,2.343241207140309,2.2218708832171474,2,3.0,numerical_unverified
5_2,8,2.3921734194228925,1.1921194687987566,2,3.0,numerical_unverified
5_2,9,2.393562085205906,2.869269496210148,2,3.0,numerical_unverified
5_2,10,2.4657561675535145,0.3601239945808031,1,3.0,numerical_unverified
5_2,11,2.5732335791354037,-1.7948056842798894,2,3.0,numerical_unverified
5_2,12,2.6749956534256016,-2.487770174616811,2,3.0,numerical_unverified
5_2,13,2.7210395900884725,-0.6194791533016804,2,3.0,numerical_unverified
5_2,14,2.74448115787801,-1.4282207285551856,2,3.0,numerical_unverified
5_2,15,2.7479730243361358,1.8737026853785648,1,3.0,numerical_unverified
5_2,16,2.9342741717640806,2.5392979114682697,2,3.0,numerical_unverified
6_1,0,0.3306355216310465,2.7451641826568287,1,3.0,numerical_unverified
6_1,1,1.2366846952469033,-2.1919066993556613,2,3.0,numerical_unverified
6_1,2,1.8081597913380514,1.7018942066416904,1,3.0,numerical_unverified
6_1,3,1.8256663192509026,-2.973361083413524,2,3.0,numerical_unverified
6_1,4,1.8668659127265166,0.6155056273933232,2,3.0,numerical_unverified
6_1,5,1.8998991087312298,-1.5678299278521854,1,3.0,numerical_unverified
6_1,6,2.137585547499663,3.035092833608556,2,3.0,numerical_unverified
6_1,7,2.3782511801972417,-2.0734876760337886,1,3.0,numerical_unverified
6_1,8,2.4098254456314363,2.8051694452190117,2,3.0,numerical_unverified
6_1,9,2.4344580602030073,0.35238899045029515,2,3.0,numerical_unverified
6_1,10,2.5533392238437727,-0.9330503390887169,2,3.0,numerical_unverified
6_1,11,2.572325731163246,1.9745261357219708,2,3.0,numerical_unverified
6_1,12,2.637302516711655,2.214985928567213,2,3.0,numerical_unverified
6_1,13,2.6724626670302474,0.9138149298571183,2,3.0,numerical_unverified
6_1,14,2.730222159515864,-2.0250400898738024,2,3.0,numerical_unverified
6_1,15,2.85815246468976,0.16568600481524387,1,3.0,numerical_unverified
6_1,16,2.863370036116229,-0.2745922354453096,2,3.0,numerical_unverified
6_1,17,2.9404356155398936,2.4924572680770773,2,3.0,numerical_unverified
6_1,18,2.986216546854247,2.2104588388267565,2,3.0,numerical_unverified
6_2,0,0.6123703878995347,3.1080872607017658,1,3.0,numerical_unverified
6_2,1,1.1028019279611836,2.464958481613771,1,3.0,numerical_unverified
6_2,2,1.6100906260613894,-1.5367311482993575,2,3.0,numerical_unverified
6_2,3,1.9105808570156628,-2.828389993193772,2,3.0,numerical_unverified
6_2,4,2.096950644944638,0.9606836823099907,2,3.0,numerical_unverified
6_2,5,2.0974987347660456,2.5648008412511105,2,3.0,numerical_unverified
6_2,6,2.1875643627932644,-2.8347797571209274,2,3.0,numerical_unverified
6_2,7,2.227261732149697,-2.237205597711982,2,3.0,numerical_unverified
6_2,8,2.3154710598179196,-0.7824379595194211,1,3.0,numerical_unverified
6_2,9,2.3364772919894583,1.6982928176308818,2,3.0,numerical_unverified
6_2,10,2.4109386118293297,2.1834724470521163,2,3.0,numerical_unverified
6_2,11,2.540331554812162,-2.091353102987036,2,3.0,numerical_unverified
6_2,12,2.5785496415408145,-1.8675125296502626,1,3.0,numerical_unverified
6_2,13,2.650642987937932,-0.3575061080241075,1,3.0,numerical_unverified
6_2,14,2.7016766090961255,-2.2918674360604583,2,3.0,numerical_unverified
6_2,15,2.769244966982108,1.3621686878458834,2,3.0,numerical_unverified
6_2,16,2.7741415800394624,-2.657958880640467,2,3.0,numerical_unverified
6_2,17,2.793337276141662,-1.8686075664807558,2,3.0,numerical_unverified
6_2,18,2.825877862079237,1.0649805588396903,2,3.0,numerical_unverified
6_2,19,2.861529714472857,-0.9858219624904466,2,3.0,numerical_unverified
6_3,0,1.2779273293779287,-2.1439468241123576,1,3.0,numerical_unverified
6_3,1,1.2779273293770275,2.143946824111119,1,3.0,numerical_unverified
6_3,2,1.9197520911497425,-2.2676285444987077,1,3.0,numerical_unverified
6_3,3,1.919752091150058,2.267628544498604,1,3.0,numerical_unverified
6_3,4,2.0400721890615667,-2.938509521519864,2,3.0,numerical_unverified
6_3,5,2.040072189059259,2.9385095215178865,2,3.0,numerical_unverified
6_3,6,2.115119642468778,-0.9876187536113374,1,3.0,numerical_unverified
6_3,7,2.1151196424707934,0.9876187536100014,1,3.0,numerical_unverified
6_3,8,2.4167220874479094,-1.447311521653905,2,3.0,numerical_unverified
6_3,9,2.41672208744723,1.4473115216530388,2,3.0,numerical_unverified
6_3,10,2.5169036437078547,-2.308281303825951,2,3.0,numerical_unverified
6_3,11,2.5169036437056174,2.3082813038212127,2,3.0,numerical_unverified
6_3,12,2.5383527207380516,-1.643962331268485,2,3.0,numerical_unverified
6_3,13,2.538352720751572,1.6439623312642826,2,3.0,numerical_unverified
6_3,14,2.672082057993414,-2.9121297734196583,2,3.0,numerical_unverified
6_3,15,2.6720820579932942,2.912129773415697,2,3.0,numerical_unverified
6_3,16,2.7151648512044018,-2.8882695163462393,2,3.0,numerical_unverified
6_3,17,2.7151648512060507,2.888269516343934,2,3.0,numerical_unverified
6_3,18,2.7661372016920986,-1.0307815208540592,2,3.0,numerical_unverified
6_3,19,2.7661372016956185,1.0307815208512876,2,3.0,numerical_unverified
6_3,20,2.916789550429117,-2.9051781356106536,4,3.0,numerical_unverified
6_3,21,2.9167895504369086,2.9051781356080926,4,3.0,numerical_unverified
6_3,22,2.9256950239091264,-1.2555516670407492,2,3.0,numerical_unverified
6_3,23,2.9256950239140225,1.2555516670384246,2,3.0,numerical_unverified
6_3,24,2.9372830415049154,-2.8747608220062553,2,3.0,numerical_unverified
6_3,25,2.9372830415024382,2.8747608219988465,2,3.0,numerical_unverified
7_2,0,0.21710146498841373,-2.261441816576726,1,3.0,numerical_unverified
7_2,1,1.1481849500524342,-2.156758274776433,2,3.0,numerical_unverified
7_2,2,1.7455836422968287,-3.0204985084559506,2,3.0,numerical_unverified
7_2,3,1.9166004579319955,-1.7283631035643503,1,3.0,numerical_unverified
7_2,4,1.9640356137251247,1.6567975352130988,1,3.0,numerical_unverified
7_2,5,2.008211028488724,-3.0890875450114206,2,3.0,numerical_unverified
7_2,6,2.035400169766619,0.6250269850281645,2,3.0,numerical_unverified
7_2,7,2.344998878287368,-1.8844587186914343,1,3.0,numerical_unverified
7_2,8,2.3588042961976847,2.7081832541357644,2,3.0,numerical_unverified
7_2,9,2.4788361725839305,-0.24944362126101266,2,3.0,numerical_unverified
7_2,10,2.6230587726264636,-0.601806396137738,2,3.0,numerical_unverified
7_2,11,2.677811789517434,-1.0620782588532929,2,3.0,numerical_unverified
7_2,12,2.781827896585547,-2.227265290956949,2,3.0,numerical_unverified
7_2,13,2.814196679279844,0.8847062439796706,2,3.0,numerical_unverified
7_2,14,2.8261600620952803,0.5342630505576996,2,3.0,numerical_unverified
7_2,15,2.828346953727441,2.126975874146018,2,3.0,numerical_unverified
7_2,16,2.8571738565680858,1.9708384951274525,2,3.0,numerical_unverified
7_2,17,2.864285624566067,2.53215303101824,2,3.0,numerical_unverified
7_2,18,2.9213601139819994,2.3737034893346864,2,3.0,numerical_unverified
7_2,19,2.9739973627515646,-1.1676945835506274,2,3.0,numerical_unverified
7_3,0,0.49585384687395245,2.862841477856286,1,3.0,numerical_unverified
7_3,1,1.0282657275860991,2.663091556228607,1,3.0,numerical_unverified
7_3,2,1.7574404837041524,-1.7996611544368146,2,3.0,numerical_unverified
7_3,3,1.8444160337250495,0.975479822083438,2,3.0,numerical_unverified
7_3,4,1.8980779851184968,-2.5089169911129776,2,3.0,numerical_unverified
7_3,5,2.0643867986408893,-2.6932288485765388,2,3.0,numerical_unverified
7_3,6,2.177854187552774,2.642044292443958,2,3.0,numerical_unverified
7_3,7,2.3220840045581768,-1.7673832779527598,2,3.0,numerical_unverified
7_3,8,2.4183741050181093,-2.3857837806823694,2,3.0,numerical_unverified
7_3,9,2.4374881503481305,-0.6896184086309478,1,3.0,numerical_unverified
7_3,10,2.4742697318063045,2.626517780969964,2,3.0,numerical_unverified
7_3,11,2.591623654743131,1.866093791451542,2,3.0,numerical_unverified
7_3,12,2.618178273278158,1.4439311468800542,2,3.0,numerical_unverified
7_3,13,2.726872843283006,2.8583525026024943,2,3.0,numerical_unverified
7_3,14,2.7316585272674945,0.7936050751053657,2,3.0,numerical_unverified
7_3,15,2.7840718792516834,-1.9562328173086292,2,3.0,numerical_unverified
7_3,16,2.8109976138170603,0.25962771485120884,1,3.0,numerical_unverified
7_3,17,2.8525471321668734,-1.1077777784197194,2,3.0,numerical_unverified
7_3,18,2.914901929810619,-2.5337619039209325,2,3.0,numerical_unverified
7_3,19,2.9320250505458367,-1.6782477642874265,1,3.0,numerical_unverified
7_3,20,2.9747657966534633,-2.7356449562029477,2,3.0,numerical_unverified
7_3,21,2.987591614977645,-0.07498947196068388,2,3.0,numerical_unverified
7_4,0,0.6545044131847584,3.0440377289969227,2,3.0,numerical_unverified
7_4,1,1.8123621148731983,1.396057328243507,4,3.0,numerical_unverified
7_4,2,2.1920241652091694,1.1699647632519024,2,3.0,numerical_unverified
7_4,3,2.1955013048583893,-1.292857257521343,4,3.0,numerical_unverified
7_4,4,2.5063398004428628,2.3002018201858125,4,3.0,numerical_unverified
7_4,5,2.5338528001621317,2.056174186782836,4,3.0,numerical_unverified
7_4,6,2.6227239547235794,-1.3369446475104507,2,3.0,numerical_unverified
7_4,7,2.6339157938496314,-1.041604788457765e-14,4,3.0,numerical_unverified
7_4,8,2.730633897239805,0.3655035011303882,2,3.0,numerical_unverified
7_4,9,2.7931616050319255,-2.5008557182030886,2,3.0,numerical_unverified
7_4,10,2.8933590165320067,-1.7434699266548135,4,3.0,numerical_unverified
7_4,11,2.9164422228853857,-2.332745415325976,2,3.0,numerical_unverified
7_5,0,0.8360672248427061,-2.845883612781024,1,3.0,numerical_unverified
7_5,1,1.4643779405836816,-2.017052921577862,1,3.0,numerical_unverified
7_5,2,1.5871655925841144,2.7075001742111637,1,3.0,numerical_unverified
7_5,3,1.7261964468842266,2.125421223769151,2,3.0,numerical_unverified
7_5,4,2.0626354093493036,1.170715582747277,1,3.0,numerical_unverified
7_5,5,2.2580272831592403,-2.7108480483641753,2,3.0,numerical_unverified
7_5,6,2.3105664575235823,3.086996395685037,2,3.0,numerical_unverified
7_5,7,2.4267065128891354,-1.6595069792886974,2,3.0,numerical_unverified
7_5,8,2.4778728855576726,-2.3513566191496618,2,3.0,numerical_unverified
7_5,9,2.5222240861976744,0.5306912967429227,1,3.0,numerical_unverified
7_5,10,2.539009865407849,2.2001932064109955,2,3.0,numerical_unverified
7_5,11,2.6041710033253906,-0.36043766349714423,2,3.0,numerical_unverified
7_5,12,2.6120299201462513,-1.0522940530699663,2,3.0,numerical_unverified
7_5,13,2.615110310567454,-0.976689952720797,2,3.0,numerical_unverified
7_5,14,2.659064029107918,-2.7166083212274774,4,3.0,numerical_unverified
7_5,15,2.6618092889890117,-1.9580515167819934,1,3.0,numerical_unverified
7_5,16,2.696914271409201,-2.942578397840888,2,3.0,numerical_unverified
7_5,17,2.723306654569018,-2.918542193399067,2,3.0,numerical_unverified
7_5,18,2.7307919405928534,-2.2509142229537216,2,3.0,numerical_unverified
7_5,19,2.7469522532326986,1.5256734756492831,2,3.0,numerical_unverified
7_5,20,2.8792624679253,1.4937652460046213,2,3.0,numerical_unverified
7_5,21,2.895827876132083,2.7507779602189633,2,3.0,numerical_unverified
7_5,22,2.9134165380028776,-3.099580294529682,2,3.0,numerical_unverified
7_5,23,2.9332537077422702,-1.6295641993933434,2,3.0,numerical_unverified
7_5,24,2.953742425049826,-2.629016553693131,2,3.0,numerical_unverified
7_5,25,2.977204365152895,-0.45682455398951943,2,3.0,numerical_unverified
7_6,0,1.191390146328299,-2.38315026547578,1,3.0,numerical_unverified
7_6,1,1.1982333452415923,-3.0342559488361216,1,3.0,numerical_unverified
7_6,2,1.5958175156391439,1.8955373966086462,1,3.0,numerical_unverified
7_6,3,2.0000886944021943,-1.3165497985697898,1,3.0,numerical_unverified
7_6,4,2.0025774420657196,2.980457872599577,2,3.0,numerical_unverified
7_6,5,2.276017669048776,0.8647924845991787,1,3.0,numerical_unverified
7_6,6,2.3440438982834992,2.109616677888781,4,3.0,numerical_unverified
7_6,7,2.402293449459978,2.5149505950433935,2,3.0,numerical_unverified
7_6,8,2.431622884171867,2.0611809238047853,1,3.0,numerical_unverified
7_6,9,2.491706004615206,-1.9495365597881293,2,3.0,numerical_unverified
7_6,10,2.5284059565067896,-2.897796684994271,2,3.0,numerical_unverified
7_6,11,2.542339882423837,-0.8656970673206407,2,3.0,numerical_unverified
7_6,12,2.5752458564695857,-1.5678022112541745,2,3.0,numerical_unverified
7_6,13,2.710442298799634,0.7166041423890784,2,3.0,numerical_unverified
7_6,14,2.759409874678558,2.4797296146504606,2,3.0,numerical_unverified
7_6,15,2.7640545784650827,-1.9340669815890612,2,3.0,numerical_unverified
7_6,16,2.7649355075300925,-2.5516444420920297,2,3.0,numerical_unverified
7_6,17,2.768910094875895,-0.20957832989795458,2,3.0,numerical_unverified
7_6,18,2.7973423159167883,-2.155900793339019,2,3.0,numerical_unverified
7_6,19,2.8186773999845007,-1.6876539954269139,2,3.0,numerical_unverified
7_6,20,2.882088274874417,0.9612039693521262,2,3.0,numerical_unverified
7_6,21,2.9197819230474606,-3.115630461407339,2,3.0,numerical_unverified
7_6,22,2.9397209866359004,-1.348749223740391,2,3.0,numerical_unverified
7_7,0,1.272605832951412,2.249618025546124,2,3.0,numerical_unverified
7_7,1,1.7685513149257468,2.648650694043436,1,3.0,numerical_unverified
7_7,2,2.067102977144374,3.086873432572627,4,3.0,numerical_unverified
7_7,3,2.157040801818529,-2.2534994951083767,2,3.0,numerical_unverified
7_7,4,2.1956125253607124,-0.9574741358732064,2,3.0,numerical_unverified
7_7,5,2.5074483562230463,1.6357102847459941,4,3.0,numerical_unverified
7_7,6,2.6341294872307954,-1.1939260992227336,2,3.0,numerical_unverified
7_7,7,2.7256134735499624,-0.9398329380614214,4,3.0,numerical_unverified
7_7,8,2.777687368024077,-2.73018051077289,4,3.0,numerical_unverified
7_7,9,2.7998462995340505,-0.28053890250158,4,3.0,numerical_unverified
7_7,10,2.8574188640262586,-2.8610473667747316,4,3.0,numerical_unverified
7_7,11,2.868857712101559,-1.5528363270248147,4,3.0,numerical_unverified
8_1,0,0.15357869278839223,1.9199740320596859,1,3.0,numerical_unverified
8_1,1,1.138084551958093,-2.2071483436428863,2,3.0,numerical_unverified
8_1,2,1.7805015326898899,-3.058758492555018,2,3.0,numerical_unverified
8_1,3,1.9357717822677796,3.111716003779183,2,3.0,numerical_unverified
8_1,4,1.9773709033766769,1.7472455347691151,1,3.0,numerical_unverified
8_1,5,2.005115259724476,-1.7045759813970698,1,3.0,numerical_unverified
8_1,6,2.021500088885531,0.7125282695969538,2,3.0,numerical_unverified
8_1,7,2.2479227701761038,-1.9172118009121968,1,3.0,numerical_unverified
8_1,8,2.41828038959865,2.691137407912395,2,3.0,numerical_unverified
8_1,9,2.7044882691041305,2.443499764968886,2,3.0,numerical_unverified
8_1,10,2.7222026189783235,0.7285950566117667,2,3.0,numerical_unverified
8_1,11,2.746947320635547,-0.9819097784514255,2,3.0,numerical_unverified
8_1,12,2.7836468099887544,-0.1429054814985273,2,3.0,numerical_unverified
8_1,13,2.8044478403813504,0.1320256638141458,2,3.0,numerical_unverified
8_1,14,2.8208225010941756,0.9620372885131004,2,3.0,numerical_unverified
8_1,15,2.834108528911089,-0.6819666159117137,2,3.0,numerical_unverified
8_1,16,2.840005474279364,2.1274116251652875,2,3.0,numerical_unverified
8_1,17,2.8627879901523765,2.2390851820368693,2,3.0,numerical_unverified
8_1,18,2.8894779277108786,-2.1796997154529234,2,3.0,numerical_unverified
8_1,19,2.985719889163504,-1.1244367122029109,2,3.0,numerical_unverified
8_1,20,2.9889823922001155,2.376397260034466,2,3.0,numerical_unverified
8_2,0,0.25907228371700153,2.146718591285382,1,3.0,numerical_unverified
8_2,1,1.177897294661214,-2.6236202217164046,1,3.0,numerical_unverified
8_2,2,1.561918836863501,1.7700687810259943,2,3.0,numerical_unverified
8_2,3,1.984369014581909,-1.094542807526386,2,3.0,numerical_unverified
8_2,4,2.0883736158555264,2.639806510141416,2,3.0,numerical_unverified
8_2,5,2.190856244358907,-2.5639286319398513,2,3.0,numerical_unverified
8_2,6,2.208391646125649,2.6741858745840834,2,3.0,numerical_unverified
8_2,7,2.266911093338287,2.4268438965108436,2,3.0,numerical_unverified
8_2,8,2.443026044464973,0.7995464340821893,1,3.0,numerical_unverified
8_2,9,2.516768685301245,2.3269770361560544,2,3.0,numerical_unverified
8_2,10,2.5917240502631373,-1.6470747336951856,2,3.0,numerical_unverified
8_2,11,2.610801892857561,0.2679810191354168,2,3.0,numerical_unverified
8_2,12,2.6221781055444597,1.7845662461162692,2,3.0,numerical_unverified
8_2,13,2.7080674298963907,-2.3965608293707246,2,3.0,numerical_unverified
8_2,14,2.740333104191801,-1.4806423199968313,2,3.0,numerical_unverified
8_2,15,2.8150264287592637,0.7875987513899351,1,3.0,numerical_unverified
8_2,16,2.8580575072681977,2.8112639639318746,2,3.0,numerical_unverified
8_2,17,2.8928266571578085,-1.684776424934269,2,3.0,numerical_unverified
8_2,18,2.89282665715789,1.456816228655545,1,3.0,numerical_unverified
8_2,19,2.9062410860752568,1.9684896210240663,1,3.0,numerical_unverified
8_2,20,2.926543182609194,0.3782514799531087,2,3.0,numerical_unverified
8_2,21,2.9394638083176177,2.14444284065963,2,3.0,numerical_unverified
8_2,22,2.9416795703531373,-1.2632137114973205,2,3.0,numerical_unverified
8_3,0,0.6002213431912253,-2.9006564080924795,1,3.0,numerical_unverified
8_3,1,0.6002213431912429,2.900656408092473,1,3.0,numerical_unverified
8_3,2,1.9123316907514625,-1.1541374629295018,2,3.0,numerical_unverified
8_3,3,1.9123316907514831,1.154137462929482,2,3.0,numerical_unverified
8_3,4,2.0566761815460026,-1.6819295352080064,2,3.0,numerical_unverified
8_3,5,2.056676181545987,1.6819295352079895,2,3.0,numerical_unverified
8_3,6,2.2917722805645884,-1.3557819128463233,2,3.0,numerical_unverified
8_3,7,2.291772280564614,1.3557819128462665,2,3.0,numerical_unverified
8_3,8,2.5529492892591046,-1.7945165104913528e-13,4,3.0,numerical_unverified
8_3,9,2.7036550709143086,-1.7122068241511095,2,3.0,numerical_unverified
8_3,10,2.703655070914311,1.712206824151093,2,3.0,numerical_unverified
8_3,11,2.7629997349180337,-2.2087545234586745,2,3.0,numerical_unverified
8_3,12,2.7629997349180195,2.2087545234586465,2,3.0,numerical_unverified
8_3,13,2.794339775411294,-2.4114821667471866,4,3.0,numerical_unverified
8_3,14,2.794339775411307,2.411482166747136,4,3.0,numerical_unverified
8_3,15,2.8020881952886887,-0.3185977573009734,1,3.0,numerical_unverified
8_3,16,2.802088195288712,0.3185977573009641,1,3.0,numerical_unverified
8_3,17,2.9480894608026085,-3.048217692577243,2,3.0,numerical_unverified
8_3,18,2.9480894608026045,3.0482176925771984,2,3.0,numerical_unverified
8_3,19,2.996619436517882,-0.99310753090636,2,3.0,numerical_unverified
8_3,20,2.9966194365178787,0.9931075309063474,2,3.0,numerical_unverified
8_4,0,0.4167752633516181,-2.4894369992228373,1,3.0,numerical_unverified
8_4,1,0.6874209840729398,-2.98191084462596,1,3.0,numerical_unverified
8_4,2,1.6469290403366275,3.0311353314612166,2,3.0,numerical_unverified
8_4,3,1.9228526307357292,-1.3524814008596822,2,3.0,numerical_unverified
8_4,4,1.95181419779287,-3.1201663620904805,2,3.0,numerical_unverified
8_4,5,1.9816908661995427,2.1494021400372363,2,3.0,numerical_unverified
8_4,6,2.276183091649025,-2.2241757171852936,2,3.0,numerical_unverified
8_4,7,2.2825652250836175,-0.5736456206436311,2,3.0,numerical_unverified
8_4,8,2.284849772571758,1.4529803359082163,2,3.0,numerical_unverified
8_4,9,2.422950236270011,1.2638991529991155,2,3.0,numerical_unverified
8_4,10,2.5937208688863187,-2.397197829801798,2,3.0,numerical_unverified
8_4,11,2.674130792547691,1.9442398341820855,2,3.0,numerical_unverified
8_4,12,2.6996749040159114,-2.0043700925316177,2,3.0,numerical_unverified
8_4,13,2.7221433614002635,0.1909137881303649,2,3.0,numerical_unverified
8_4,14,2.754904928488404,-0.3177258477309966,2,3.0,numerical_unverified
8_4,15,2.769197962430973,-0.37561605404980414,1,3.0,numerical_unverified
8_4,16,2.8105887246273977,-1.597516599435283,2,3.0,numerical_unverified
8_4,17,2.9117772056692712,-1.86345319952764,2,3.0,numerical_unverified
8_4,18,2.9861152216252433,-0.18848406337428414,1,3.0,numerical_unverified
8_5,0,0.8808877879601164,-2.7591276836970335,2,3.0,numerical_unverified
8_5,1,1.626572536574632,3.13266448061502,1,3.0,numerical_unverified
8_5,2,1.6398628174382996,2.2198646354174016,2,3.0,numerical_unverified
8_5,3,1.7193928122969928,-2.8717062385347725,2,3.0,numerical_unverified
8_5,4,1.9365457062769775,-0.34982831855446644,1,3.0,numerical_unverified
8_5,5,2.149784631296112,1.1031905126225763,2,3.0,numerical_unverified
8_5,6,2.1611510152674676,2.752498998325239,1,3.0,numerical_unverified
8_5,7,2.2216583511997667,-1.902140531480085,2,3.0,numerical_unverified
8_5,8,2.222979917860675,-1.5764361286457325,2,3.0,numerical_unverified
8_5,9,2.3610265417481493,-1.3012602799453616,4,3.0,numerical_unverified
8_5,10,2.515854009292959,0.7186349048767035,2,3.0,numerical_unverified
8_5,11,2.688203527513448,2.148723248607483,1,3.0,numerical_unverified
8_5,12,2.793205807829794,-2.2844200261893692,2,3.0,numerical_unverified
8_5,13,2.832484834978756,2.324250036526587,1,3.0,numerical_unverified
8_5,14,2.8474928596475064,2.3977109819191647,2,3.0,numerical_unverified
8_5,15,2.850660347707864,1.9815970604805444,4,3.0,numerical_unverified
8_5,16,2.854358965265977,3.1341688065480096,2,3.0,numerical_unverified
8_5,17,2.887667165439261,-0.9399687992788691,1,3.0,numerical_unverified
8_5,18,2.898865671266511,-1.3314898233511903,2,3.0,numerical_unverified
8_5,19,2.9019965237163836,-2.232792220098084,2,3.0,numerical_unverified
8_5,20,2.914653436386044,0.5351469779708566,2,3.0,numerical_unverified
8_5,21,2.9151684568336798,-0.44325249118060117,2,3.0,numerical_unverified
8_5,22,2.953505534188735,0.17065881357723564,1,3.0,numerical_unverified
8_6,0,0.9850994940538148,-2.9501959234025223,1,3.0,numerical_unverified
8_6,1,0.9856998080794144,-2.7417058379834325,1,3.0,numerical_unverified
8_6,2,1.6987599230535912,-1.849263310979856,1,3.0,numerical_unverified
8_6,3,1.8802932909359036,2.3724402780143055,2,3.0,numerical_unverified
8_6,4,1.9933655272767135,1.4199410527363758,1,3.0,numerical_unverified
8_6,5,2.304847876603533,-1.5969754185750555,4,3.0,numerical_unverified
8_6,6,2.4746885730604733,0.8582181214410967,2,3.0,numerical_unverified
8_6,7,2.47947801384307,-2.82087996892189,2,3.0,numerical_unverified
8_6,8,2.4814198044467353,0.6458694851893728,1,3.0,numerical_unverified
8_6,9,2.4888872837669043,1.6032875557712472,2,3.0,numerical_unverified
8_6,10,2.526730055948874,-2.429900313284862,2,3.0,numerical_unverified
8_6,11,2.689236264003295,-2.913582901334956,2,3.0,numerical_unverified
8_6,12,2.717310580384969,2.2270756936372837,2,3.0,numerical_unverified
8_6,13,2.7451191707658893,0.18417503220152803,2,3.0,numerical_unverified
8_6,14,2.7666212126916254,-2.557779970530865,2,3.0,numerical_unverified
8_6,15,2.7995979942918203,2.9866934788048165,2,3.0,numerical_unverified
8_6,16,2.8096176789221885,1.8146278994437846,2,3.0,numerical_unverified
8_6,17,2.825313045771014,1.8204857005014514,2,3.0,numerical_unverified
8_6,18,2.834603329693862,-0.5319069182236582,2,3.0,numerical_unverified
8_6,19,2.844388099002766,-1.9154179267073503,2,3.0,numerical_unverified
8_6,20,2.86754123104776,-0.2687673317599357,2,3.0,numerical_unverified
8_6,21,2.8717304114786493,3.103403821397467,2,3.0,numerical_unverified
8_6,22,2.9126759028439975,-0.1062270224323996,2,3.0,numerical_unverified
8_7,0,0.44936317455094904,2.630949769977233,1,3.0,numerical_unverified
8_7,1,1.4352904991015771,2.1291955819988724,1,3.0,numerical_unverified
8_7,2,1.6689044020516695,-2.539176844847495,2,3.0,numerical_unverified
8_7,3,1.8800213224129054,-2.643798725622943,1,3.0,numerical_unverified
8_7,4,2.121237858425584,0.7044484735544477,2,3.0,numerical_unverified
8_7,5,2.1448138768621416,-1.1156818157929502,1,3.0,numerical_unverified
8_7,6,2.250866427822729,2.870275790798613,2,3.0,numerical_unverified
8_7,7,2.3318707680556248,2.0594354068702905,2,3.0,numerical_unverified
8_7,8,2.4154067115052524,1.3064127924634983,2,3.0,numerical_unverified
8_7,9,2.4587306987274475,2.9799603564700776,2,3.0,numerical_unverified
8_7,10,2.4852957950253916,2.7489104516935323,2,3.0,numerical_unverified
8_7,11,2.503384241711373,2.34651265842192,1,3.0,numerical_unverified
8_7,12,2.6724076957638943,1.2711640575541838,2,3.0,numerical_unverified
8_7,13,2.7512745002326677,0.6711111844979694,2,3.0,numerical_unverified
8_7,14,2.7522054381533105,-1.8495485791842379,2,3.0,numerical_unverified
8_7,15,2.7745274999859038,0.16449585405140052,2,3.0,numerical_unverified
8_7,16,2.777044871905916,-2.977562062935397,2,3.0,numerical_unverified
8_7,17,2.8408185362996585,-1.4087778719299249,2,3.0,numerical_unverified
8_7,18,2.8539306776316087,3.113685094340292,2,3.0,numerical_unverified
8_7,19,2.870948651702014,2.571631405326216,2,3.0,numerical_unverified
8_7,20,2.9000420050106883,-2.446798022390951,2,3.0,numerical_unverified
8_7,21,2.922958760165223,0.2153254555535692,1,3.0,numerical_unverified
8_7,22,2.934605202601919,-3.00618817866848,2,3.0,numerical_unverified
8_7,23,2.976896942397254,-1.4144105220894343,2,3.0,numerical_unverified
8_7,24,2.9895285685437587,2.9077225373088895,4,3.0,numerical_unverified
8_8,0,0.7683712074581466,2.681508524357767,1,3.0,numerical_unverified
8_8,1,1.181673634474864,-2.516378011390406,1,3.0,numerical_unverified
8_8,2,1.783553072987837,1.8101633013143683,1,3.0,numerical_unverified
8_8,3,1.9882392214289244,-1.5075082109140787,1,3.0,numerical_unverified
8_8,4,2.044216619066636,2.79010734393579,2,3.0,numerical_unverified
8_8,5,2.3283082651317812,1.118095660855895,4,3.0,numerical_unverified
8_8,6,2.3695298774575977,0.8269626331081986,1,3.0,numerical_unverified
8_8,7,2.587645013494603,1.2978739353393485,2,3.0,numerical_unverified
8_8,8,2.5893605215664683,-2.2369407604082943,4,3.0,numerical_unverified
8_8,9,2.605298588501994,-2.1987285783359103,2,3.0,numerical_unverified
8_8,10,2.612002247129201,1.9878690334485567,2,3.0,numerical_unverified
8_8,11,2.6281490608657854,2.360117609134522,2,3.0,numerical_unverified
8_8,12,2.6988680368742526,2.010074229364891,1,3.0,numerical_unverified
8_8,13,2.7264773618889633,-2.3572485144816553,2,3.0,numerical_unverified
8_8,14,2.7468860736190144,-0.7206791781188826,2,3.0,numerical_unverified
8_8,15,2.8036740385120704,0.6448191844092803,2,3.0,numerical_unverified
8_8,16,2.805825787758425,-1.7160999813138278,2,3.0,numerical_unverified
8_8,17,2.817158266367339,2.5814829022346895,2,3.0,numerical_unverified
8_8,18,2.830128075260264,-2.974795841752809,2,3.0,numerical_unverified
8_8,19,2.832778048049885,-1.932826224222071,2,3.0,numerical_unverified
8_8,20,2.853418788063997,2.2881530606447207,2,3.0,numerical_unverified
8_8,21,2.856012670730311,2.4961804929770337,2,3.0,numerical_unverified
8_8,22,2.9192309721475724,-2.693290366362735,2,3.0,numerical_unverified
8_8,23,2.9357157715540163,0.37531889279558484,2,3.0,numerical_unverified
8_8,24,2.9403169865649654,-1.676375270860207,2,3.0,numerical_unverified
8_8,25,2.9599010966196593,-0.31875629638014424,2,3.0,numerical_unverified
8_9,0,0.7931455305083244,-3.0002634905095884,1,3.0,numerical_unverified
8_9,1,0.7931455305083625,3.0002634905095995,1,3.0,numerical_unverified
8_9,2,1.778616838406884,-1.8647277687880823,2,3.0,numerical_unverified
8_9,3,1.778616838407122,1.864727768787958,2,3.0,numerical_unverified
8_9,4,2.223624833049426,-2.544463713966429,1,3.0,numerical_unverified
8_9,5,2.2236248330493837,2.5444637139664033,1,3.0,numerical_unverified
8_9,6,2.4260680575581848,-2.726742587164066,2,3.0,numerical_unverified
8_9,7,2.4260680575581692,2.726742587163732,2,3.0,numerical_unverified
8_9,8,2.52369400166908,-0.7097654261000749,2,3.0,numerical_unverified
8_9,9,2.523694001669005,0.7097654260998416,2,3.0,numerical_unverified
8_9,10,2.61118884219981,-0.47963447988394414,1,3.0,numerical_unverified
8_9,11,2.611188842199662,0.4796344798838101,1,3.0,numerical_unverified
8_9,12,2.7152553364469365,-2.7776834836390814,2,3.0,numerical_unverified
8_9,13,2.7152553364466785,2.7776834836388566,2,3.0,numerical_unverified
8_9,14,2.7511304242300154,-1.549086070008748,2,3.0,numerical_unverified
8_9,15,2.7511304242301917,1.5490860700084788,2,3.0,numerical_unverified
8_9,16,2.788856217585093,-2.0944755953990932,2,3.0,numerical_unverified
8_9,17,2.7888562175847413,2.094475595398807,2,3.0,numerical_unverified
8_9,18,2.843763206227789,-2.8485567157369274,2,3.0,numerical_unverified
8_9,19,2.843763206228636,2.848556715736353,2,3.0,numerical_unverified
8_9,20,2.885682353771785,-1.3110911204103983,2,3.0,numerical_unverified
8_9,21,2.8856823537718,1.3110911204102136,2,3.0,numerical_unverified
8_10,0,0.8525485309924616,-3.0303607771077483,1,3.0,numerical_unverified
8_10,1,1.5260023857372278,2.683873657971589,1,3.0,numerical_unverified
8_10,2,1.6206448955633397,-2.1863657815240547,1,3.0,numerical_unverified
8_10,3,2.005576558338694,-2.047222116572879,1,3.0,numerical_unverified
8_10,4,2.0419098910220925,3.1199978872540313,1,3.0,numerical_unverified
8_10,5,2.0464667050108005,2.1315604955633716,1,3.0,numerical_unverified
8_10,6,2.0583549928187614,3.1326958292275093,1,3.0,numerical_unverified
8_10,7,2.078860710374648,-1.5766854623818944,2,3.0,numerical_unverified
8_10,8,2.0969362539591656,-1.0953578366824723,1,3.0,numerical_unverified
8_10,9,2.245829766621746,1.2445560910664903,1,3.0,numerical_unverified
8_10,10,2.2489718533226233,-2.8567743699360078,1,3.0,numerical_unverified
8_10,11,2.3705939329787054,-2.305529177580667,1,3.0,numerical_unverified
8_10,12,2.3740219157593794,1.4036238405755235,1,3.0,numerical_unverified
8_10,13,2.455351657747386,1.249582242288202,1,3.0,numerical_unverified
8_10,14,2.513581839434719,-2.8902910902133985,2,3.0,numerical_unverified
8_10,15,2.572755092829067,-2.7199274343321127,2,3.0,numerical_unverified
8_10,16,2.577152998142995,-1.0188554548243152,1,3.0,numerical_unverified
8_10,17,2.588306706417301,-0.35269120176045127,1,3.0,numerical_unverified
8_10,18,2.642959111528064,2.819961178244144,1,3.0,numerical_unverified
8_10,19,2.696894430277147,1.3048137009569831,2,3.0,numerical_unverified
8_10,20,2.7292219481871496,0.11575067084508506,2,3.0,numerical_unverified
8_10,21,2.7671456800932153,-0.47372711161186676,1,3.0,numerical_unverified
8_10,22,2.799086006786441,2.5230064759674176,2,3.0,numerical_unverified
8_10,23,2.8819905148843556,-1.180892888492604,1,3.0,numerical_unverified
8_10,24,2.8836983555706612,-1.705033846008992,1,3.0,numerical_unverified
8_10,25,2.8976191381651693,1.0211908615281562,2,3.0,numerical_unverified
8_10,26,2.901586104973058,-2.3521092244103046,2,3.0,numerical_unverified
8_10,27,2.905477977350383,2.432795793241272,2,3.0,numerical_unverified
8_10,28,2.936123716391505,1.767257302080859,2,3.0,numerical_unverified
8_11,0,0.9063412570236384,2.826434689593359,1,3.0,numerical_unverified
8_11,1,1.2405192624965025,-2.3525250217915734,1,3.0,numerical_unverified
8_11,2,1.4694724514562123,-3.0110837485987094,1,3.0,numerical_unverified
8_11,3,1.8171293329653002,-2.201076952277135,2,3.0,numerical_unverified
8_11,4,2.059441191658614,3.0420219496880456,2,3.0,numerical_unverified
8_11,5,2.2650931063852076,0.908224361841666,1,3.0,numerical_unverified
8_11,6,2.3763939260952056,2.169747418805023,1,3.0,numerical_unverified
8_11,7,2.4247680931717213,3.073806504438486,2,3.0,numerical_unverified
8_11,8,2.521727933203824,-0.5787993813641806,1,3.0,numerical_unverified
8_11,9,2.549603738105166,-1.847584441088737,2,3.0,numerical_unverified
8_11,10,2.6592813394637096,1.0188459538739723,2,3.0,numerical_unverified
8_11,11,2.65955396901989,2.292781051085781,4,3.0,numerical_unverified
8_11,12,2.69287137201671,0.3086420338440391,2,3.0,numerical_unverified
8_11,13,2.739307935044416,-2.451086888722031,2,3.0,numerical_unverified
8_11,14,2.7553318511702796,0.3071699697076775,2,3.0,numerical_unverified
8_11,15,2.7680189633074543,0.8851700216348376,2,3.0,numerical_unverified
8_11,16,2.780061802063718,-0.5110184861736277,2,3.0,numerical_unverified
8_11,17,2.8054942534887424,-1.6284489997963179,2,3.0,numerical_unverified
8_11,18,2.805494253412378,2.560341204937812,2,3.0,numerical_unverified
8_11,19,2.856698778361814,1.6420080133929857,2,3.0,numerical_unverified
8_11,20,2.8978402169303714,0.1892653605806529,2,3.0,numerical_unverified
8_11,21,2.9275555602990906,-1.1845723976806195,2,3.0,numerical_unverified
8_11,22,2.9633179850827522,1.9574220288449207,1,3.0,numerical_unverified
8_11,23,2.9643007483097112,-0.2944980959410027,2,3.0,numerical_unverified
8_12,0,1.5090746352131417,-2.8520021346082935,1,3.0,numerical_unverified
8_12,1,1.509074635216566,2.8520021346028703,1,3.0,numerical_unverified
8_12,2,1.519849303868272,-1.9929673533026286,1,3.0,numerical_unverified
8_12,3,1.5198493038784018,1.9929673532908758,1,3.0,numerical_unverified
8_12,4,2.0588697373318325,-1.2233215034671945,1,3.0,numerical_unverified
8_12,5,2.058869737258223,1.2233215034073777,1,3.0,numerical_unverified
8_12,6,2.325946305784872,-2.663672368629235,2,3.0,numerical_unverified
8_12,7,2.325946305843858,2.663672368602389,2,3.0,numerical_unverified
8_12,8,2.6128829183906928,-2.4123509374040877,2,3.0,numerical_unverified
8_12,9,2.6128829183773186,2.4123509373927923,2,3.0,numerical_unverified
8_12,10,2.627915650866731,-2.5039171791764874,4,3.0,numerical_unverified
8_12,11,2.6279156509363566,2.5039171791283272,4,3.0,numerical_unverified
8_12,12,2.681608454709229,-0.956777803264227,2,3.0,numerical_unverified
8_12,13,2.6816084547266468,0.9567778032521433,2,3.0,numerical_unverified
8_12,14,2.861402758771269,-1.8916205751766935,1,3.0,numerical_unverified
8_12,15,2.8614027587714057,1.891620575170962,1,3.0,numerical_unverified
8_12,16,2.8810257949394344,-1.5610829581259955,2,3.0,numerical_unverified
8_12,17,2.8810257948691733,1.561082958003398,2,3.0,numerical_unverified
8_12,18,2.96453440199921,-1.2730724504965039,2,3.0,numerical_unverified
8_12,19,2.9645344020121835,1.2730724504487845,2,3.0,numerical_unverified
8_12,20,2.980622499444261,-3.0356671129911312,2,3.0,numerical_unverified
8_12,21,2.9806224995041144,3.035667112947372,2,3.0,numerical_unverified
8_12,22,2.9939429020100485,-0.7005956716779435,2,3.0,numerical_unverified
8_12,23,2.993942902112046,0.7005956716220119,2,3.0,numerical_unverified
8_13,0,0.7393107541114448,-3.09157937933127,1,3.0,numerical_unverified
8_13,1,1.2804735445039248,-2.297093513295614,1,3.0,numerical_unverified
8_13,2,1.7306868046810095,-2.8486879322027048,1,3.0,numerical_unverified
8_13,3,1.780325660282761,1.6862231457300965,2,3.0,numerical_unverified
8_13,4,2.0945184955819767,3.1333793099353437,2,3.0,numerical_unverified
8_13,5,2.2335343977157875,0.9516552304594676,1,3.0,numerical_unverified
8_13,6,2.2629522341886914,2.265369523200493,1,3.0,numerical_unverified
8_13,7,2.4030094405176277,-0.925692462950425,2,3.0,numerical_unverified
8_13,8,2.4532956645081136,2.4716061977481165,2,3.0,numerical_unverified
8_13,9,2.5547453551760064,2.3168978734808885,1,3.0,numerical_unverified
8_13,10,2.566664439812386,-1.711332905758249,2,3.0,numerical_unverified
8_13,11,2.65759883930283,0.4339720325886831,1,3.0,numerical_unverified
8_13,12,2.7515954353948286,1.098177383154367,2,3.0,numerical_unverified
8_13,13,2.7590062691617705,-1.9039124624783523,2,3.0,numerical_unverified
8_13,14,2.8044809629721046,-2.122287359947871,2,3.0,numerical_unverified
8_13,15,2.821983316477067,2.667678852003199,2,3.0,numerical_unverified
8_13,16,2.8753697837281464,-2.7064130950210608,2,3.0,numerical_unverified
8_13,17,2.891922557092867,2.6069593073671973,4,3.0,numerical_unverified
8_13,18,2.8990424702262745,-1.5284974459764822,2,3.0,numerical_unverified
8_13,19,2.922565408738827,0.6673990695502369,2,3.0,numerical_unverified
8_13,20,2.930624189393972,-0.04105956657822879,2,3.0,numerical_unverified
8_13,21,2.9464489788456367,1.1614444565873179,2,3.0,numerical_unverified
8_14,0,1.3453317737498598,-2.9963758028626573,1,3.0,numerical_unverified
8_14,1,1.3619852706907882,2.175788766423392,1,3.0,numerical_unverified
8_14,2,1.5759756890903676,1.9419064672537396,1,3.0,numerical_unverified
8_14,3,1.992976467252109,-2.4633248700589556,1,3.0,numerical_unverified
8_14,4,2.033213865699375,-1.2854659015800722,1,3.0,numerical_unverified
8_14,5,2.161505271974145,-1.0453241285507529,1,3.0,numerical_unverified
8_14,6,2.1657709414728816,2.9560206992282656,2,3.0,numerical_unverified
8_14,7,2.1939757321573508,2.4677418292964797,1,3.0,numerical_unverified
8_14,8,2.3874445602904077,2.5812612130254458,2,3.0,numerical_unverified
8_14,9,2.502630016108166,2.243339383220519,4,3.0,numerical_unverified
8_14,10,2.591793032403517,1.4221250758533577,2,3.0,numerical_unverified
8_14,11,2.6151231560517347,-2.709185930565425,2,3.0,numerical_unverified
8_14,12,2.683310974230684,-1.5640844476898899,2,3.0,numerical_unverified
8_14,13,2.7245492368658666,0.8144865637701639,2,3.0,numerical_unverified
8_14,14,2.8565912321003584,-1.6434748972071065,2,3.0,numerical_unverified
8_14,15,2.857930480827864,-2.8951538850423773,2,3.0,numerical_unverified
8_14,16,2.990271204327583,-1.3237872068638925,2,3.0,numerical_unverified
8_15,0,1.4580229569657133,-2.252675527889414,2,3.0,numerical_unverified
8_15,1,1.540725388600557,2.373854364798179,1,3.0,numerical_unverified
8_15,2,2.191418125117837,2.6867205832975736,2,3.0,numerical_unverified
8_15,3,2.247476603905124,1.0983371725151203,2,3.0,numerical_unverified
8_15,4,2.2833638262920486,-2.0381478867782876,2,3.0,numerical_unverified
8_15,5,2.320190580852925,-3.0287947773130237,4,3.0,numerical_unverified
8_15,6,2.3632926077185488,-1.1244611055959188,1,3.0,numerical_unverified
8_15,7,2.405025096036247,-1.2447438790154173,2,3.0,numerical_unverified
8_15,8,2.4319808853993843,-2.774657108166686,2,3.0,numerical_unverified
8_15,9,2.4704798931226795,-3.1228145023173646,2,3.0,numerical_unverified
8_15,10,2.518199004979109,-2.847652846329309,1,3.0,numerical_unverified
8_15,11,2.73891826416045,2.9166907373815087,2,3.0,numerical_unverified
8_15,12,2.7909908246618516,-0.6084360483650455,2,3.0,numerical_unverified
8_15,13,2.832432144379687,-1.461300747428695,4,3.0,numerical_unverified
8_15,14,2.8338099414825013,-2.8623106664689826,1,3.0,numerical_unverified
8_16,0,1.3096031999038664,2.9498539299880617,2,3.0,numerical_unverified
8_16,1,2.1363026341085094,2.515916951039681,1,3.0,numerical_unverified
8_16,2,2.21051329961451,2.143210053913186,2,3.0,numerical_unverified
8_16,3,2.302495265010952,-1.1398020000502243,2,3.0,numerical_unverified
8_16,4,2.3033388439959563,2.6837652993347496,1,3.0,numerical_unverified
8_16,5,2.3198449069812246,1.9270916027142413,2,3.0,numerical_unverified
8_16,6,2.330648729021046,2.809605635554944,2,3.0,numerical_unverified
8_16,7,2.432635353409643,-2.280577845833962,4,3.0,numerical_unverified
8_16,8,2.443618402357476,1.5056431870981963,1,3.0,numerical_unverified
8_16,9,2.4459518159178155,-1.7291308392246258,2,3.0,numerical_unverified
8_16,10,2.45919242070028,0.8307519760566066,1,3.0,numerical_unverified
8_16,11,2.481320581058682,-2.0599497019453668,2,3.0,numerical_unverified
8_16,12,2.5150600513737276,2.4194116782178563,1,3.0,numerical_unverified
8_16,13,2.60455403213669,-0.20856213216630176,2,3.0,numerical_unverified
8_16,14,2.614627991294884,-2.7168398376070364,2,3.0,numerical_unverified
8_16,15,2.6553150751903454,1.123822734618947,2,3.0,numerical_unverified
8_16,16,2.686829813937518,-0.8049214651680066,2,3.0,numerical_unverified
8_16,17,2.6910740328095892,-1.5012432887526515,1,3.0,numerical_unverified
8_16,18,2.781584143204136,0.6553884996440984,1,3.0,numerical_unverified
8_16,19,2.8082827885445236,-2.4841303031239885,1,3.0,numerical_unverified
8_16,20,2.855433139055572,-3.1390634950634664,1,3.0,numerical_unverified
8_16,21,2.880577851270968,-2.72150334881126,2,3.0,numerical_unverified
8_16,22,2.8832351090287824,-1.5363865580141804,1,3.0,numerical_unverified
8_16,23,2.9238694034385353,-0.8576834051973833,2,3.0,numerical_unverified
8_17,0,1.4632917889763046,-2.620531153458828,1,3.0,numerical_unverified
8_17,1,1.4632917889763133,2.62053115345882,1,3.0,numerical_unverified
8_17,2,2.1030320847613977,-2.1501133614802432,1,3.0,numerical_unverified
8_17,3,2.1030320847614408,2.1501133614802104,1,3.0,numerical_unverified
8_17,4,2.336853937562471,-2.349799418947393,1,3.0,numerical_unverified
8_17,5,2.336853937562549,2.34979941894738,1,3.0,numerical_unverified
8_17,6,2.4020143621241083,-1.6401619616738545,1,3.0,numerical_unverified
8_17,7,2.402014362124071,1.6401619616738272,1,3.0,numerical_unverified
8_17,8,2.4182688551009277,-1.5068572460592635,1,3.0,numerical_unverified
8_17,9,2.4182688551009397,1.506857246059243,1,3.0,numerical_unverified
8_17,10,2.464980029556374,-2.1319213469845693,1,3.0,numerical_unverified
8_17,11,2.464980029556368,2.1319213469845595,1,3.0,numerical_unverified
8_17,12,2.465942078569836,-2.7734959429867305,2,3.0,numerical_unverified
8_17,13,2.465942078569819,2.7734959429866866,2,3.0,numerical_unverified
8_17,14,2.515521541366615,-0.9953334728714242,1,3.0,numerical_unverified
8_17,15,2.5155215413666334,0.9953334728713709,1,3.0,numerical_unverified
8_17,16,2.5200798794016186,-5.205369680057432e-15,1,3.0,numerical_unverified
8_17,17,2.537323607560434,-3.110600378666558,1,3.0,numerical_unverified
8_17,18,2.537323607560433,3.1106003786665055,1,3.0,numerical_unverified
8_17,19,2.5411023382182374,-1.321080256533689,1,3.0,numerical_unverified
8_17,20,2.54110233821825,1.3210802565335904,1,3.0,numerical_unverified
8_17,21,2.5669658563820232,-1.9379839787440407,1,3.0,numerical_unverified
8_17,22,2.5669658563823083,1.9379839787439768,1,3.0,numerical_unverified
8_17,23,2.5843877858131963,-2.1479626569291557,1,3.0,numerical_unverified
8_17,24,2.58438778581316,2.147962656929125,1,3.0,numerical_unverified
8_17,25,2.7924526491538986,-1.901957899885414,1,3.0,numerical_unverified
8_17,26,2.7924526491538324,1.9019578998853837,1,3.0,numerical_unverified
8_17,27,2.8013401174776615,-2.9551477471641854,1,3.0,numerical_unverified
8_17,28,2.801340117477688,2.9551477471641694,1,3.0,numerical_unverified
8_17,29,2.802694057646741,-0.8054094626813614,1,3.0,numerical_unverified
8_17,30,2.802694057646775,0.8054094626813162,1,3.0,numerical_unverified
8_17,31,2.836591014218404,-0.5567140701347651,1,3.0,numerical_unverified
8_17,32,2.8365910142178707,0.5567140701345408,1,3.0,numerical_unverified
8_17,33,2.866535076645184,-2.825510293245813,1,3.0,numerical_unverified
8_17,34,2.8665350766452455,2.825510293245801,1,3.0,numerical_unverified
8_17,35,2.898116905578999,-2.581775884403758,1,3.0,numerical_unverified
8_17,36,2.89811690557892,2.5817758844036933,1,3.0,numerical_unverified
8_17,37,2.908724601667802,-0.5366351222489177,1,3.0,numerical_unverified
8_17,38,2.9087246016678425,0.5366351222488975,1,3.0,numerical_unverified
8_18,0,2.1859042575478393,-2.2034913711432185,4,3.0,numerical_unverified
8_18,1,2.1859042575486662,2.2034913711398314,4,3.0,numerical_unverified
8_18,2,2.256767929930961,-6.696499538953212e-13,1,3.0,numerical_unverified
8_18,3,2.4820156322322013,-1.6812736053198725,4,3.0,numerical_unverified
8_18,4,2.482015632248369,1.68127360531775,4,3.0,numerical_unverified
8_18,5,2.7827596503264442,-1.3533766863410917,4,3.0,numerical_unverified
8_18,6,2.782759650326933,1.353376686335589,4,3.0,numerical_unverified
8_18,7,2.811440313770611,-2.1159640649215343,4,3.0,numerical_unverified
8_18,8,2.811440313790769,2.1159640648985807,4,3.0,numerical_unverified
8_20,0,0.6847775846586461,2.6238249073849533,1,3.0,numerical_unverified
8_20,1,0.7558675252418627,-1.8913413880051002,1,3.0,numerical_unverified
8_20,2,0.9871938070498388,-1.9410878250404942,1,3.0,numerical_unverified
8_20,3,1.3850482768089232,0.6829947073229317,1,3.0,numerical_unverified
8_20,4,1.5878967005089877,-3.0250077834800235,1,3.0,numerical_unverified
8_20,5,1.7682267748682432,-2.3735661942729838,1,3.0,numerical_unverified
8_20,6,1.8277237872333978,-1.6367817592113385,1,3.0,numerical_unverified
8_20,7,2.141318576653924,2.325909153593668,1,3.0,numerical_unverified
8_20,8,2.1714961402989306,0.3040383244594451,1,3.0,numerical_unverified
8_20,9,2.1993874194661536,-0.78489748797931,1,3.0,numerical_unverified
8_20,10,2.218998206566754,-0.08949043858893181,1,3.0,numerical_unverified
8_20,11,2.3648943490509855,1.9962849026193659,1,3.0,numerical_unverified
8_20,12,2.3846085030429696,3.1204371836603384,1,3.0,numerical_unverified
8_20,13,2.3847577734321757,2.6103821742242372,1,3.0,numerical_unverified
8_20,14,2.4024890187912216,-1.9286731475758203,1,3.0,numerical_unverified
8_20,15,2.5040662718212343,3.1294834346014246,1,3.0,numerical_unverified
8_20,16,2.5351686813847585,3.0213976085020686,1,3.0,numerical_unverified
8_20,17,2.5985695391872814,1.0027730465947986,1,3.0,numerical_unverified
8_20,18,2.603720507306721,1.4857048186781923,1,3.0,numerical_unverified
8_20,19,2.615274028644639,2.1798496072596225,1,3.0,numerical_unverified
8_20,20,2.634194329833532,1.638682566905915,2,3.0,numerical_unverified
8_20,21,2.674072974647768,-2.020447155222641,1,3.0,numerical_unverified
8_20,22,2.7370158980351196,0.17911519761214595,1,3.0,numerical_unverified
8_20,23,2.7423276727528734,0.1134173365781616,1,3.0,numerical_unverified
8_20,24,2.763311690817059,-3.1061345981367943,1,3.0,numerical_unverified
8_20,25,2.76513449959576,-2.2692892620645715,1,3.0,numerical_unverified
8_20,26,2.7700965536178463,1.3659894146458607,2,3.0,numerical_unverified
8_20,27,2.8102476888601253,-2.382039952110096,2,3.0,numerical_unverified
8_20,28,2.8598249794096566,-2.8300678699656316,1,3.0,numerical_unverified
8_20,29,2.897417025272219,-2.670160440830552,1,3.0,numerical_unverified
8_20,30,2.898176663899966,-1.408173940499026,2,3.0,numerical_unverified
8_20,31,2.9383999343514637,2.8110731470083827,1,3.0,numerical_unverified
8_20,32,2.954960741850487,0.6398547838153166,1,3.0,numerical_unverified
8_20,33,2.986742015977343,0.7390334150566402,1,3.0,numerical_unverified
8_20,34,2.995108028914799,2.6519568440155847,1,3.0,numerical_unverified
8_21,0,1.341288685968916,-2.944899691735661,1,3.0,numerical_unverified
8_21,1,1.3843296916567862,-0.7853981633974578,1,3.0,numerical_unverified
8_21,2,1.4953756019663453,-2.1392746447559623,2,3.0,numerical_unverified
8_21,3,1.8960084878549515,-1.9949334571184598,2,3.0,numerical_unverified
8_21,4,1.970433931643255,-3.026121511091089,2,3.0,numerical_unverified
8_21,5,2.1887599449729085,1.535610633643657,2,3.0,numerical_unverified
8_21,6,2.2358254340169488,2.0036835045025305,2,3.0,numerical_unverified
8_21,7,2.241818439272342,0.2126578030576648,2,3.0,numerical_unverified
8_21,8,2.5268408859183387,2.6713123505948926,2,3.0,numerical_unverified
8_21,9,2.5318972768037926,0.8344667612365895,1,3.0,numerical_unverified
8_21,10,2.5409989971606444,3.064657663498963,2,3.0,numerical_unverified
8_21,11,2.702219090472058,-1.8472763867628237,2,3.0,numerical_unverified
8_21,12,2.803711721826156,2.4194292165944584,2,3.0,numerical_unverified
8_21,13,2.814700264787871,-2.57035751654036,4,3.0,numerical_unverified
8_21,14,2.8440127317824437,0.1491924679121049,2,3.0,numerical_unverified
8_21,15,2.8900798075436533,2.0811641172764297,2,3.0,numerical_unverified
8_21,16,2.900422236778195,-3.122094957938977,4,3.0,numerical_unverified
8_21,17,2.9181279248023357,-0.7218739154171699,1,3.0,numerical_unverified
8_21,18,2.960541740007119,0.5617835391164738,2,3.0,numerical_unverified
8_21,19,2.96473569748045,1.6813176411238322,2,3.0,numerical_unverified
