fixture,vertex_count,edge_count,connected_component_count,adjacency_spectral_radius,adjacency_spectral_gap,adjacency_energy,algebraic_connectivity,largest_laplacian_eigenvalue,method,separator_vertices,cut_edge_count,residual_cross_edge_count,smallest_part_size,largest_part_size,balance_ratio,adjacency_spectrum_partition_error,part_count,part_sizes
edgeless_8,8,0,8,0.0,0.0,0.0,0.0,0.0,connected_components,,0,0,1,1,1.0,0.0,8,1 1 1 1 1 1 1 1
path_8,8,7,1,1.8793852415718166,0.34729635533386016,9.517540966287267,0.15224093497742652,3.847759065022573,connected_components,,0,0,8,8,1.0,0.0,1,8
path_8,8,7,1,1.8793852415718166,0.34729635533386016,9.517540966287267,0.15224093497742652,3.847759065022573,articulation_separator,3,2,0,3,4,0.75,0.27712223581768713,3,3 4 1
path_8,8,7,1,1.8793852415718166,0.34729635533386016,9.517540966287267,0.15224093497742652,3.847759065022573,fiedler_median,,1,1,4,4,1.0,0.24999999999999983,2,4 4
path_8,8,7,1,1.8793852415718166,0.34729635533386016,9.517540966287267,0.15224093497742652,3.847759065022573,fiedler_sign,,1,1,4,4,1.0,0.24999999999999983,2,4 4
path_8,8,7,1,1.8793852415718166,0.34729635533386016,9.517540966287267,0.15224093497742652,3.847759065022573,bfs_balanced,,1,1,4,4,1.0,0.24999999999999983,2,4 4
odd_cycle_7,7,7,1,2.0,0.7530203962825319,8.98791841486987,0.7530203962825331,3.80193773580484,connected_components,,0,0,7,7,1.0,0.0,1,7
odd_cycle_7,7,7,1,2.0,0.7530203962825319,8.98791841486987,0.7530203962825331,3.80193773580484,fiedler_median,,2,2,3,4,0.75,0.3382582134442696,2,3 4
odd_cycle_7,7,7,1,2.0,0.7530203962825319,8.98791841486987,0.7530203962825331,3.80193773580484,fiedler_sign,,2,2,3,4,0.75,0.3382582134442696,2,3 4
odd_cycle_7,7,7,1,2.0,0.7530203962825319,8.98791841486987,0.7530203962825331,3.80193773580484,bfs_balanced,,2,2,3,4,0.75,0.3382582134442695,2,3 4
octahedral,6,12,1,4.000000000000001,4.000000000000001,8.0,3.9999999999999996,6.000000000000001,connected_components,,0,0,6,6,1.0,0.0,1,6
octahedral,6,12,1,4.000000000000001,4.000000000000001,8.0,3.9999999999999996,6.000000000000001,fiedler_median,,6,6,3,3,1.0,1.3333333333333333,2,3 3
octahedral,6,12,1,4.000000000000001,4.000000000000001,8.0,3.9999999999999996,6.000000000000001,fiedler_sign,,6,6,2,4,0.5,0.8128157290637233,2,2 4
octahedral,6,12,1,4.000000000000001,4.000000000000001,8.0,3.9999999999999996,6.000000000000001,bfs_balanced,,6,6,3,3,1.0,1.3333333333333333,2,3 3
tetrahedral_K4,4,6,1,3.0,3.9999999999999996,6.0,3.9999999999999982,4.0,connected_components,,0,0,4,4,1.0,0.0,1,4
tetrahedral_K4,4,6,1,3.0,3.9999999999999996,6.0,3.9999999999999982,4.0,fiedler_median,,4,4,2,2,1.0,0.9999999999999999,2,2 2
tetrahedral_K4,4,6,1,3.0,3.9999999999999996,6.0,3.9999999999999982,4.0,fiedler_sign,,3,3,1,3,0.3333333333333333,0.5,2,3 1
tetrahedral_K4,4,6,1,3.0,3.9999999999999996,6.0,3.9999999999999982,4.0,bfs_balanced,,4,4,2,2,1.0,0.9999999999999999,2,2 2
wheel_6,6,10,1,3.449489742783177,2.8314557540332816,9.371115440565937,2.3819660112501047,6.0,connected_components,,0,0,6,6,1.0,0.0,1,6
wheel_6,6,10,1,3.449489742783177,2.8314557540332816,9.371115440565937,2.3819660112501047,6.0,fiedler_median,,5,5,3,3,1.0,0.6891745771776909,2,3 3
wheel_6,6,10,1,3.449489742783177,2.8314557540332816,9.371115440565937,2.3819660112501047,6.0,fiedler_sign,,4,4,2,4,0.5,0.5019903062414143,2,4 2
wheel_6,6,10,1,3.449489742783177,2.8314557540332816,9.371115440565937,2.3819660112501047,6.0,bfs_balanced,,5,5,3,3,1.0,0.6891745771776909,2,3 3
wheel_7,7,12,1,3.6457513110645907,2.6457513110645907,11.291502622129181,2.0000000000000004,7.0,connected_components,,0,0,7,7,1.0,0.0,1,7
wheel_7,7,12,1,3.6457513110645907,2.6457513110645907,11.291502622129181,2.0000000000000004,7.0,fiedler_median,,5,5,3,4,0.75,0.5954852852159317,2,3 4
wheel_7,7,12,1,3.6457513110645907,2.6457513110645907,11.291502622129181,2.0000000000000004,7.0,fiedler_sign,,5,5,3,4,0.75,0.5954852852159317,2,3 4
wheel_7,7,12,1,3.6457513110645907,2.6457513110645907,11.291502622129181,2.0000000000000004,7.0,bfs_balanced,,6,6,3,4,0.75,0.5793478063756273,2,3 4
grid_4x4,16,24,1,3.2360679774997907,0.9999999999999987,21.88854381999832,0.5857864376269046,6.828427124746188,connected_components,,0,0,16,16,1.0,0.0,1,16
grid_4x4,16,24,1,3.2360679774997907,0.9999999999999987,21.88854381999832,0.5857864376269046,6.828427124746188,fiedler_median,,4,4,8,8,1.0,0.4409830056250523,2,8 8
grid_4x4,16,24,1,3.2360679774997907,0.9999999999999987,21.88854381999832,0.5857864376269046,6.828427124746188,fiedler_sign,,4,4,8,8,1.0,0.4409830056250523,2,8 8
grid_4x4,16,24,1,3.2360679774997907,0.9999999999999987,21.88854381999832,0.5857864376269046,6.828427124746188,bfs_balanced,,6,6,8,8,1.0,0.22783732916578114,2,8 8
compactified_checkerboard_2,10,24,1,5.123105625617661,3.7088920632445657,15.903065500727703,2.5857864376269046,10.000000000000005,connected_components,,0,0,10,10,1.0,0.0,1,10
compactified_checkerboard_2,10,24,1,5.123105625617661,3.7088920632445657,15.903065500727703,2.5857864376269046,10.000000000000005,fiedler_median,,10,10,5,5,1.0,0.80525808129294,2,5 5
compactified_checkerboard_2,10,24,1,5.123105625617661,3.7088920632445657,15.903065500727703,2.5857864376269046,10.000000000000005,fiedler_sign,,10,10,5,5,1.0,0.80525808129294,2,5 5
compactified_checkerboard_2,10,24,1,5.123105625617661,3.7088920632445657,15.903065500727703,2.5857864376269046,10.000000000000005,bfs_balanced,,10,10,5,5,1.0,0.80525808129294,2,5 5
compactified_one_flip_2,10,24,1,5.100163053909053,3.2942705654700166,17.12994798962852,2.1614988225734084,9.581012388657468,connected_components,,0,0,10,10,1.0,0.0,1,10
compactified_one_flip_2,10,24,1,5.100163053909053,3.2942705654700166,17.12994798962852,2.1614988225734084,9.581012388657468,fiedler_median,,9,9,5,5,1.0,0.6430538551826261,2,5 5
compactified_one_flip_2,10,24,1,5.100163053909053,3.2942705654700166,17.12994798962852,2.1614988225734084,9.581012388657468,fiedler_sign,,9,9,4,6,0.6666666666666666,0.7433806920155572,2,6 4
compactified_one_flip_2,10,24,1,5.100163053909053,3.2942705654700166,17.12994798962852,2.1614988225734084,9.581012388657468,bfs_balanced,,10,10,5,5,1.0,0.6350812237632624,2,5 5
compactified_checkerboard_4,26,72,1,6.338396137507312,2.6063453299384314,48.15220938452698,1.4770145575850107,17.157346175905538,connected_components,,0,0,26,26,1.0,0.0,1,26
compactified_checkerboard_4,26,72,1,6.338396137507312,2.6063453299384314,48.15220938452698,1.4770145575850107,17.157346175905538,fiedler_median,,20,20,13,13,1.0,0.3718636830040121,2,13 13
compactified_checkerboard_4,26,72,1,6.338396137507312,2.6063453299384314,48.15220938452698,1.4770145575850107,17.157346175905538,fiedler_sign,,20,20,13,13,1.0,0.3718636830040121,2,13 13
compactified_checkerboard_4,26,72,1,6.338396137507312,2.6063453299384314,48.15220938452698,1.4770145575850107,17.157346175905538,bfs_balanced,,24,24,13,13,1.0,0.44913738687999716,2,13 13
compactified_one_flip_4,26,72,1,6.293986579573373,2.4405194480579144,48.56047551542933,1.383933423789724,17.154547504143686,connected_components,,0,0,26,26,1.0,0.0,1,26
compactified_one_flip_4,26,72,1,6.293986579573373,2.4405194480579144,48.56047551542933,1.383933423789724,17.154547504143686,fiedler_median,,19,19,13,13,1.0,0.3561440009975554,2,13 13
compactified_one_flip_4,26,72,1,6.293986579573373,2.4405194480579144,48.56047551542933,1.383933423789724,17.154547504143686,fiedler_sign,,19,19,11,15,0.7333333333333333,0.3635028304144656,2,15 11
compactified_one_flip_4,26,72,1,6.293986579573373,2.4405194480579144,48.56047551542933,1.383933423789724,17.154547504143686,bfs_balanced,,24,24,13,13,1.0,0.4136929855066734,2,13 13
compactified_checkerboard_6,50,144,1,6.943925754746481,1.9754679476923682,94.9257745965812,0.952245946617916,25.08980101456087,connected_components,,0,0,50,50,1.0,0.0,1,50
compactified_checkerboard_6,50,144,1,6.943925754746481,1.9754679476923682,94.9257745965812,0.952245946617916,25.08980101456087,fiedler_median,,30,30,25,25,1.0,0.23583312615392132,2,25 25
compactified_checkerboard_6,50,144,1,6.943925754746481,1.9754679476923682,94.9257745965812,0.952245946617916,25.08980101456087,fiedler_sign,,30,30,25,25,1.0,0.23583312615392132,2,25 25
compactified_checkerboard_6,50,144,1,6.943925754746481,1.9754679476923682,94.9257745965812,0.952245946617916,25.08980101456087,bfs_balanced,,40,40,25,25,1.0,0.3624134223660893,2,25 25
compactified_one_flip_6,50,144,1,6.932973447897575,2.000148730645596,95.36419593263713,0.9127409250974673,25.08979603264092,connected_components,,0,0,50,50,1.0,0.0,1,50
compactified_one_flip_6,50,144,1,6.932973447897575,2.000148730645596,95.36419593263713,0.9127409250974673,25.08979603264092,fiedler_median,,29,29,25,25,1.0,0.22611480448743684,2,25 25
compactified_one_flip_6,50,144,1,6.932973447897575,2.000148730645596,95.36419593263713,0.9127409250974673,25.08979603264092,fiedler_sign,,29,29,22,28,0.7857142857142857,0.23898581504656208,2,22 28
compactified_one_flip_6,50,144,1,6.932973447897575,2.000148730645596,95.36419593263713,0.9127409250974673,25.08979603264092,bfs_balanced,,40,40,25,25,1.0,0.3562360579853932,2,25 25
compactified_checkerboard_8,82,240,1,7.479436566338009,1.8206819546265791,156.79667802181967,0.6646142501677063,33.06484429006,connected_components,,0,0,82,82,1.0,0.0,1,82
compactified_checkerboard_8,82,240,1,7.479436566338009,1.8206819546265791,156.79667802181967,0.6646142501677063,33.06484429006,fiedler_median,,40,40,41,41,1.0,0.16786518794848201,2,41 41
compactified_checkerboard_8,82,240,1,7.479436566338009,1.8206819546265791,156.79667802181967,0.6646142501677063,33.06484429006,fiedler_sign,,40,40,40,42,0.9523809523809523,0.16802364792962826,2,40 42
compactified_checkerboard_8,82,240,1,7.479436566338009,1.8206819546265791,156.79667802181967,0.6646142501677063,33.06484429006,bfs_balanced,,50,50,41,41,1.0,0.252329805460219,2,41 41
compactified_one_flip_8,82,240,1,7.477982395825039,1.8759644288382482,157.28595156551725,0.6452921811488639,33.06484428518044,connected_components,,0,0,82,82,1.0,0.0,1,82
compactified_one_flip_8,82,240,1,7.477982395825039,1.8759644288382482,157.28595156551725,0.6452921811488639,33.06484428518044,fiedler_median,,39,39,41,41,1.0,0.1677979757134692,2,41 41
compactified_one_flip_8,82,240,1,7.477982395825039,1.8759644288382482,157.28595156551725,0.6452921811488639,33.06484428518044,fiedler_sign,,39,39,39,43,0.9069767441860465,0.16196983091230022,2,39 43
compactified_one_flip_8,82,240,1,7.477982395825039,1.8759644288382482,157.28595156551725,0.6452921811488639,33.06484428518044,bfs_balanced,,50,50,41,41,1.0,0.2494363648896825,2,41 41
compactified_seeded_4_7,26,72,1,6.206726852660359,2.344874850124014,49.71813234789542,1.2900122238642326,17.11396255743142,connected_components,,0,0,26,26,1.0,0.0,1,26
compactified_seeded_4_7,26,72,1,6.206726852660359,2.344874850124014,49.71813234789542,1.2900122238642326,17.11396255743142,fiedler_median,,20,20,13,13,1.0,0.3490341837496852,2,13 13
compactified_seeded_4_7,26,72,1,6.206726852660359,2.344874850124014,49.71813234789542,1.2900122238642326,17.11396255743142,fiedler_sign,,16,16,10,16,0.625,0.2333771786229641,2,16 10
compactified_seeded_4_7,26,72,1,6.206726852660359,2.344874850124014,49.71813234789542,1.2900122238642326,17.11396255743142,bfs_balanced,,22,22,13,13,1.0,0.38721538650393916,2,13 13
compactified_seeded_4_19,26,72,1,6.243465141763509,2.468706479694971,49.30447850344593,1.3752435405668582,17.120722515578564,connected_components,,0,0,26,26,1.0,0.0,1,26
compactified_seeded_4_19,26,72,1,6.243465141763509,2.468706479694971,49.30447850344593,1.3752435405668582,17.120722515578564,fiedler_median,,17,17,13,13,1.0,0.30731607672421,2,13 13
compactified_seeded_4_19,26,72,1,6.243465141763509,2.468706479694971,49.30447850344593,1.3752435405668582,17.120722515578564,fiedler_sign,,17,17,12,14,0.8571428571428571,0.28203026827012306,2,14 12
compactified_seeded_4_19,26,72,1,6.243465141763509,2.468706479694971,49.30447850344593,1.3752435405668582,17.120722515578564,bfs_balanced,,24,24,13,13,1.0,0.4299811951303891,2,13 13
compactified_seeded_6_7,50,144,1,6.870027211482764,1.9760580526524638,97.94062859127897,0.873637474147095,25.07672351487905,connected_components,,0,0,50,50,1.0,0.0,1,50
compactified_seeded_6_7,50,144,1,6.870027211482764,1.9760580526524638,97.94062859127897,0.873637474147095,25.07672351487905,fiedler_median,,25,25,25,25,1.0,0.188102487021282,2,25 25
compactified_seeded_6_7,50,144,1,6.870027211482764,1.9760580526524638,97.94062859127897,0.873637474147095,25.07672351487905,fiedler_sign,,25,25,25,25,1.0,0.188102487021282,2,25 25
compactified_seeded_6_7,50,144,1,6.870027211482764,1.9760580526524638,97.94062859127897,0.873637474147095,25.07672351487905,bfs_balanced,,37,37,25,25,1.0,0.3319822120496416,2,25 25
compactified_seeded_6_19,50,144,1,6.891172889803423,1.9566930825710074,98.00646870191494,0.8712496713521971,25.073356391070256,connected_components,,0,0,50,50,1.0,0.0,1,50
compactified_seeded_6_19,50,144,1,6.891172889803423,1.9566930825710074,98.00646870191494,0.8712496713521971,25.073356391070256,fiedler_median,,27,27,25,25,1.0,0.20619605657304155,2,25 25
compactified_seeded_6_19,50,144,1,6.891172889803423,1.9566930825710074,98.00646870191494,0.8712496713521971,25.073356391070256,fiedler_sign,,26,26,23,27,0.8518518518518519,0.21836042420223178,2,27 23
compactified_seeded_6_19,50,144,1,6.891172889803423,1.9566930825710074,98.00646870191494,0.8712496713521971,25.073356391070256,bfs_balanced,,36,36,25,25,1.0,0.3232977148926573,2,25 25
compactified_seeded_8_7,82,240,1,7.403866963801711,1.916537872726174,161.41679190684619,0.6191547806670119,33.061267090043806,connected_components,,0,0,82,82,1.0,0.0,1,82
compactified_seeded_8_7,82,240,1,7.403866963801711,1.916537872726174,161.41679190684619,0.6191547806670119,33.061267090043806,fiedler_median,,33,33,41,41,1.0,0.1305752048670201,2,41 41
compactified_seeded_8_7,82,240,1,7.403866963801711,1.916537872726174,161.41679190684619,0.6191547806670119,33.061267090043806,fiedler_sign,,34,34,40,42,0.9523809523809523,0.13307590596320795,2,40 42
compactified_seeded_8_7,82,240,1,7.403866963801711,1.916537872726174,161.41679190684619,0.6191547806670119,33.061267090043806,bfs_balanced,,50,50,41,41,1.0,0.25605754846427686,2,41 41
compactified_seeded_8_19,82,240,1,7.449745945965896,1.976159316681871,161.50353066677846,0.6243789758533032,33.0594243511167,connected_components,,0,0,82,82,1.0,0.0,1,82
compactified_seeded_8_19,82,240,1,7.449745945965896,1.976159316681871,161.50353066677846,0.6243789758533032,33.0594243511167,fiedler_median,,35,35,41,41,1.0,0.14037886874987546,2,41 41
compactified_seeded_8_19,82,240,1,7.449745945965896,1.976159316681871,161.50353066677846,0.6243789758533032,33.0594243511167,fiedler_sign,,35,35,41,41,1.0,0.14037886874987546,2,41 41
compactified_seeded_8_19,82,240,1,7.449745945965896,1.976159316681871,161.50353066677846,0.6243789758533032,33.0594243511167,bfs_balanced,,48,48,41,41,1.0,0.23924442676357924,2,41 41
stacked_triangulation_12,12,30,1,5.734459339758499,3.5207039002252496,21.640461268019997,1.8665885890412175,11.047806148803822,connected_components,,0,0,12,12,1.0,0.0,1,12
stacked_triangulation_12,12,30,1,5.734459339758499,3.5207039002252496,21.640461268019997,1.8665885890412175,11.047806148803822,fiedler_median,,10,10,6,6,1.0,0.49911512915448486,2,6 6
stacked_triangulation_12,12,30,1,5.734459339758499,3.5207039002252496,21.640461268019997,1.8665885890412175,11.047806148803822,fiedler_sign,,10,10,6,6,1.0,0.49911512915448486,2,6 6
stacked_triangulation_12,12,30,1,5.734459339758499,3.5207039002252496,21.640461268019997,1.8665885890412175,11.047806148803822,bfs_balanced,,15,15,6,6,1.0,0.6411836653723993,2,6 6
stacked_triangulation_24,24,66,1,6.867643897969966,2.260198346318524,44.029542011548116,0.7876741108862266,15.16801544698087,connected_components,,0,0,24,24,1.0,0.0,1,24
stacked_triangulation_24,24,66,1,6.867643897969966,2.260198346318524,44.029542011548116,0.7876741108862266,15.16801544698087,fiedler_median,,11,11,12,12,1.0,0.22038291232561602,2,12 12
stacked_triangulation_24,24,66,1,6.867643897969966,2.260198346318524,44.029542011548116,0.7876741108862266,15.16801544698087,fiedler_sign,,10,10,11,13,0.8461538461538461,0.19910459244028336,2,11 13
stacked_triangulation_24,24,66,1,6.867643897969966,2.260198346318524,44.029542011548116,0.7876741108862266,15.16801544698087,bfs_balanced,,28,28,12,12,1.0,0.5254696550093992,2,12 12
stacked_triangulation_48,48,138,1,7.884295284467575,1.554268961609952,89.37078741983343,0.36585699197851795,16.852105855012113,connected_components,,0,0,48,48,1.0,0.0,1,48
stacked_triangulation_48,48,138,1,7.884295284467575,1.554268961609952,89.37078741983343,0.36585699197851795,16.852105855012113,fiedler_median,,14,14,24,24,1.0,0.11494067127872802,2,24 24
stacked_triangulation_48,48,138,1,7.884295284467575,1.554268961609952,89.37078741983343,0.36585699197851795,16.852105855012113,fiedler_sign,,14,14,24,24,1.0,0.11494067127872802,2,24 24
stacked_triangulation_48,48,138,1,7.884295284467575,1.554268961609952,89.37078741983343,0.36585699197851795,16.852105855012113,bfs_balanced,,57,57,24,24,1.0,0.5032480487609672,2,24 24
articulation_k4_chain_4,13,24,1,4.0705900350213255,0.8087877897613547,21.78238840629399,0.32937849236437877,7.670621507635622,connected_components,,0,0,13,13,1.0,0.0,1,13
articulation_k4_chain_4,13,24,1,4.0705900350213255,0.8087877897613547,21.78238840629399,0.32937849236437877,7.670621507635622,articulation_separator,6,6,0,6,6,1.0,0.25966706759702896,3,6 6 1
articulation_k4_chain_4,13,24,1,4.0705900350213255,0.8087877897613547,21.78238840629399,0.32937849236437877,7.670621507635622,fiedler_median,,3,3,6,7,0.8571428571428571,0.09904057849219267,2,6 7
articulation_k4_chain_4,13,24,1,4.0705900350213255,0.8087877897613547,21.78238840629399,0.32937849236437877,7.670621507635622,fiedler_sign,,3,3,6,7,0.8571428571428571,0.09904057849219285,2,7 6
articulation_k4_chain_4,13,24,1,4.0705900350213255,0.8087877897613547,21.78238840629399,0.32937849236437877,7.670621507635622,bfs_balanced,,3,3,6,7,0.8571428571428571,0.09904057849219285,2,6 7
articulation_k4_chain_8,25,48,1,4.270068781193628,0.2949769979762773,42.763066321740645,0.09304893572048518,7.906951064279516,connected_components,,0,0,25,25,1.0,0.0,1,25
articulation_k4_chain_8,25,48,1,4.270068781193628,0.2949769979762773,42.763066321740645,0.09304893572048518,7.906951064279516,articulation_separator,12,6,0,12,12,1.0,0.13489088371569738,3,12 12 1
articulation_k4_chain_8,25,48,1,4.270068781193628,0.2949769979762773,42.763066321740645,0.09304893572048518,7.906951064279516,fiedler_median,,3,3,12,13,0.9230769230769231,0.05141123204090205,2,12 13
articulation_k4_chain_8,25,48,1,4.270068781193628,0.2949769979762773,42.763066321740645,0.09304893572048518,7.906951064279516,fiedler_sign,,3,3,12,13,0.9230769230769231,0.05141123204090205,2,12 13
articulation_k4_chain_8,25,48,1,4.270068781193628,0.2949769979762773,42.763066321740645,0.09304893572048518,7.906951064279516,bfs_balanced,,3,3,12,13,0.9230769230769231,0.051411232040902005,2,12 13
articulation_k4_chain_16,49,96,1,4.342083758804679,0.08953586121469126,84.72442349199406,0.024542770748634302,7.975457229251366,connected_components,,0,0,49,49,1.0,0.0,1,49
articulation_k4_chain_16,49,96,1,4.342083758804679,0.08953586121469126,84.72442349199406,0.024542770748634302,7.975457229251366,articulation_separator,24,6,0,24,24,1.0,0.06882206782002617,3,24 24 1
articulation_k4_chain_16,49,96,1,4.342083758804679,0.08953586121469126,84.72442349199406,0.024542770748634302,7.975457229251366,fiedler_median,,3,3,24,25,0.96,0.02623032828259286,2,24 25
articulation_k4_chain_16,49,96,1,4.342083758804679,0.08953586121469126,84.72442349199406,0.024542770748634302,7.975457229251366,fiedler_sign,,3,3,24,25,0.96,0.02623032828259279,2,25 24
articulation_k4_chain_16,49,96,1,4.342083758804679,0.08953586121469126,84.72442349199406,0.024542770748634302,7.975457229251366,bfs_balanced,,3,3,24,25,0.96,0.02623032828259286,2,24 25
